,0,1,2,3,4,5
0,1601164800000,0.00537,0.00547,0.00497,0.00512,203104596.5
1,1601251200000,0.00514,0.00527,0.005,0.00501,202993885.2
2,1601337600000,0.005,0.00528,0.00488,0.0051,188062894.5
3,1601424000000,0.0051,0.00575,0.00497,0.00568,268752038.5
4,1601510400000,0.00569,0.0061,0.00504,0.00546,458123664.9
5,1601596800000,0.00547,0.00581,0.00512,0.00561,264419227.3
6,1601683200000,0.00561,0.00566,0.00539,0.00541,129594307.6
7,1601769600000,0.00541,0.00551,0.00516,0.00537,124145223.5
8,1601856000000,0.00536,0.00539,0.00522,0.00532,86386964.2
9,1601942400000,0.00532,0.00533,0.00437,0.00447,257026871.6
10,1602028800000,0.00447,0.00492,0.00435,0.00478,192291454.7
11,1602115200000,0.0048,0.00526,0.00466,0.00521,159094418.5
12,1602201600000,0.00521,0.00567,0.00512,0.00541,155431169.6
13,1602288000000,0.00542,0.00562,0.00526,0.00531,167747409.8
14,1602374400000,0.00529,0.00541,0.00519,0.0053,94012818.5
15,1602460800000,0.00528,0.00549,0.00523,0.00528,155217998.5
16,1602547200000,0.00524,0.00559,0.00524,0.00543,103646243.3
17,1602633600000,0.00542,0.00563,0.0053,0.00541,118414758.6
18,1602720000000,0.00542,0.00543,0.00497,0.00511,145348831.5
19,1602806400000,0.0051,0.00516,0.00473,0.00475,94479445.4
20,1602892800000,0.00475,0.00515,0.00469,0.00507,94421812.4
21,1602979200000,0.00507,0.00544,0.00507,0.00544,70882125.9
22,1603065600000,0.00543,0.00546,0.00501,0.00521,206985048.2
23,1603152000000,0.00521,0.0053,0.00472,0.00474,154461401.6
24,1603238400000,0.00474,0.005,0.00473,0.00475,156994712.5
25,1603324800000,0.00475,0.00503,0.00475,0.0048,193356147.9
26,1603411200000,0.0048,0.00493,0.00457,0.00484,148854858.0
27,1603497600000,0.00484,0.00497,0.00477,0.0048,85854306.8
28,1603584000000,0.00479,0.0048,0.0046,0.00471,111245379.9
29,1603670400000,0.0047,0.0048,0.00445,0.00466,106738678.4
30,1603756800000,0.00466,0.00469,0.00415,0.00427,220550926.5
31,1603843200000,0.00426,0.00438,0.00408,0.00418,111881093.3
32,1603929600000,0.00418,0.00435,0.00416,0.00424,85053427.1
33,1604016000000,0.00423,0.00431,0.00389,0.0042,131584449.8
34,1604102400000,0.0042,0.00449,0.00412,0.00441,81201727.1
35,1604188800000,0.00438,0.0055,0.00438,0.00485,588542218.1
36,1604275200000,0.00482,0.00488,0.00437,0.00438,197571889.6
37,1604361600000,0.00437,0.00439,0.00402,0.00412,111967548.8
38,1604448000000,0.00412,0.00441,0.00404,0.00425,105210926.9
39,1604534400000,0.00425,0.00446,0.00404,0.00425,206359190.4
40,1604620800000,0.00425,0.00495,0.00425,0.00488,298352713.9
41,1604707200000,0.00489,0.00524,0.00436,0.00473,282727653.7
42,1604793600000,0.00473,0.00509,0.00466,0.00502,102598255.8
43,1604880000000,0.00504,0.0053,0.0047,0.00528,129649415.3
44,1604966400000,0.00528,0.0055,0.00506,0.00535,243217256.4
45,1605052800000,0.00533,0.00544,0.00504,0.00516,163549123.6
46,1605139200000,0.00516,0.00516,0.00489,0.00505,127558423.5
47,1605225600000,0.00506,0.00528,0.00503,0.00522,101505089.4
48,1605312000000,0.00522,0.0053,0.00481,0.00486,145678853.6
49,1605398400000,0.00487,0.00501,0.00463,0.00474,175408664.6
50,1605484800000,0.00473,0.00502,0.00468,0.00491,164429727.4
51,1605571200000,0.00491,0.00519,0.00486,0.00499,194183283.8
52,1605657600000,0.00497,0.00506,0.00443,0.00476,287651986.9
53,1605744000000,0.00476,0.00493,0.00452,0.00465,217783463.5
54,1605830400000,0.00465,0.00533,0.00459,0.00511,420852640.2
55,1605916800000,0.00511,0.00565,0.0051,0.00557,460326750.0
56,1606003200000,0.00558,0.00577,0.00498,0.00519,410563447.2
57,1606089600000,0.00518,0.00591,0.00509,0.00545,562355007.6
58,1606176000000,0.00545,0.00631,0.00541,0.00597,606799886.3
59,1606262400000,0.00597,0.00685,0.00571,0.00606,622973714.5
60,1606348800000,0.00607,0.00643,0.00476,0.00529,718338086.7
61,1606435200000,0.0053,0.00542,0.00477,0.005,269439307.5
62,1606521600000,0.005,0.00544,0.00493,0.00535,245533330.5
63,1606608000000,0.00535,0.0058,0.00526,0.00541,215821934.3
64,1606694400000,0.00541,0.00567,0.00527,0.00559,268358212.7
65,1606780800000,0.00558,0.00569,0.00511,0.00531,499248885.3
66,1606867200000,0.00531,0.00548,0.00523,0.0054,191395427.5
67,1606953600000,0.0054,0.00544,0.00525,0.00531,211964062.4
68,1607040000000,0.0053,0.00543,0.00497,0.00508,224465899.1
69,1607126400000,0.00508,0.00529,0.0049,0.00518,140510272.7
70,1607212800000,0.00517,0.00526,0.00503,0.00511,110602224.1
71,1607299200000,0.00512,0.00525,0.00482,0.00517,234013019.2
72,1607385600000,0.00518,0.00519,0.00468,0.00474,190171605.2
73,1607472000000,0.00474,0.00519,0.00461,0.00514,286529192.3
74,1607558400000,0.00514,0.00519,0.00479,0.00482,157436764.8
75,1607644800000,0.00482,0.00484,0.00453,0.00455,209675178.7
76,1607731200000,0.00454,0.00529,0.00454,0.00526,329520951.2
77,1607817600000,0.00525,0.00558,0.00506,0.00541,315979747.2
78,1607904000000,0.0054,0.00541,0.00503,0.00523,270227604.1
79,1607990400000,0.00524,0.00552,0.00506,0.0054,267864124.9
80,1608076800000,0.0054,0.00569,0.00521,0.00557,510553532.5
81,1608163200000,0.00557,0.0057,0.00506,0.00512,610840899.9
82,1608249600000,0.00512,0.00532,0.00495,0.00518,400141210.8
83,1608336000000,0.00517,0.00539,0.00514,0.00521,340599675.4
84,1608422400000,0.00521,0.0055,0.00509,0.00528,397684695.3
85,1608508800000,0.00527,0.00535,0.00473,0.00503,304858664.6
86,1608595200000,0.00502,0.00524,0.00487,0.00511,206944364.6
87,1608681600000,0.00511,0.00517,0.00411,0.00435,390731131.9
88,1608768000000,0.00436,0.00474,0.0043,0.00472,186862396.4
89,1608854400000,0.00473,0.0049,0.00456,0.00475,188790944.8
90,1608940800000,0.00475,0.00489,0.00455,0.00476,168727665.3
91,1609027200000,0.00476,0.00514,0.00463,0.00492,304033263.5
92,1609113600000,0.00493,0.0051,0.00476,0.0048,223139891.1
93,1609200000000,0.0048,0.00481,0.00421,0.00444,278766696.6
94,1609286400000,0.00443,0.0045,0.00407,0.0041,273859475.5
95,1609372800000,0.00409,0.00429,0.004,0.00423,323644723.2
96,1609459200000,0.00424,0.00449,0.0041,0.00423,631336691.8
97,1609545600000,0.00423,0.00439,0.00412,0.00423,966094638.3
98,1609632000000,0.00424,0.005,0.0042,0.00488,1025730418.7
99,1609718400000,0.00488,0.00568,0.0045,0.00494,968048582.3
100,1609804800000,0.00495,0.00537,0.0049,0.00501,509242662.3
101,1609891200000,0.00501,0.00571,0.00486,0.00556,742682007.2
102,1609977600000,0.00555,0.00645,0.00537,0.00625,810327376.6
103,1610064000000,0.00625,0.00675,0.00571,0.00665,613266255.9
104,1610150400000,0.00664,0.0088,0.00633,0.00748,1432446818.0
105,1610236800000,0.00748,0.00759,0.00622,0.00682,701483758.7
106,1610323200000,0.00682,0.00688,0.0052,0.00623,737419407.7
107,1610409600000,0.00621,0.0065,0.00592,0.00606,319673301.9
108,1610496000000,0.00606,0.00669,0.00575,0.00657,233473120.7
109,1610582400000,0.00659,0.00749,0.00642,0.00716,351337778.5
110,1610668800000,0.00715,0.00756,0.0064,0.00716,379566298.8
111,1610755200000,0.00716,0.00766,0.00701,0.00709,329707193.2
112,1610841600000,0.00709,0.0073,0.00673,0.00709,353649093.4
113,1610928000000,0.0071,0.00786,0.00697,0.00769,562471421.3
114,1611014400000,0.0077,0.00814,0.00746,0.0076,407473569.5
115,1611100800000,0.00758,0.00779,0.00677,0.00758,423781459.6
116,1611187200000,0.00759,0.00765,0.0069,0.00699,355024852.1
117,1611273600000,0.00699,0.00731,0.00616,0.00716,322104141.0
118,1611360000000,0.00716,0.00764,0.0071,0.00755,324537176.6
119,1611446400000,0.00755,0.00785,0.00734,0.00744,337411418.7
120,1611532800000,0.00744,0.00756,0.00725,0.00726,241158463.4
121,1611619200000,0.00726,0.00732,0.00681,0.00726,273869373.3
122,1611705600000,0.00726,0.00726,0.00631,0.00697,408288459.5
123,1611792000000,0.00699,0.00975,0.00688,0.00817,1533586276.3
124,1611878400000,0.00818,0.0094,0.00813,0.00857,932337833.9
125,1611964800000,0.00855,0.0095,0.0083,0.00902,516464625.3
126,1612051200000,0.00901,0.00919,0.00812,0.00861,250917879.3
127,1612137600000,0.00863,0.0088,0.00814,0.00845,240909068.2
128,1612224000000,0.00845,0.00944,0.00837,0.0093,359572691.2
129,1612310400000,0.00929,0.011,0.00909,0.01056,558309768.3
130,1612396800000,0.01056,0.01198,0.0103,0.01051,655387759.5
131,1612483200000,0.01053,0.01185,0.0105,0.0115,352880414.9
132,1612569600000,0.0115,0.01158,0.01034,0.01071,338716105.9
133,1612656000000,0.0107,0.01141,0.01008,0.01065,335302426.6
134,1612742400000,0.01065,0.01316,0.01059,0.01302,715150346.6
135,1612828800000,0.01302,0.02279,0.01264,0.02077,2140795103.0
136,1612915200000,0.0208,0.02199,0.01651,0.01875,872834303.0
137,1613001600000,0.01872,0.021,0.01738,0.01844,605867387.4
138,1613088000000,0.01844,0.02344,0.0175,0.02185,804357486.7
139,1613174400000,0.02188,0.03145,0.0215,0.02861,1893678710.3
140,1613260800000,0.02864,0.03866,0.02851,0.03506,2223848331.4
141,1613347200000,0.03508,0.0355,0.02703,0.03057,944086733.1
142,1613433600000,0.03057,0.03337,0.02681,0.02835,522054226.6
143,1613520000000,0.02837,0.02998,0.0251,0.02703,764574013.3
144,1613606400000,0.02696,0.02959,0.02581,0.02798,537180946.6
145,1613692800000,0.02804,0.0338,0.02785,0.0327,688403241.9
146,1613779200000,0.03269,0.035,0.028,0.0297,612431389.6
147,1613865600000,0.02974,0.03154,0.02866,0.02938,429824300.0
148,1613952000000,0.02937,0.02999,0.0216,0.026,610081033.5
149,1614038400000,0.02599,0.026,0.017,0.02051,741591066.4
150,1614124800000,0.02051,0.02462,0.01928,0.02296,397232479.9
151,1614211200000,0.02297,0.02948,0.02166,0.02416,574077243.0
152,1614297600000,0.02417,0.03035,0.0227,0.02859,1046055063.5
153,1614384000000,0.02861,0.02919,0.02461,0.02574,403444993.6
154,1614470400000,0.02572,0.026,0.02151,0.02414,460129302.9
155,1614556800000,0.02423,0.0305,0.02409,0.02913,510021854.0
156,1614643200000,0.02912,0.03194,0.02716,0.02882,375052013.3
157,1614729600000,0.02887,0.03148,0.02846,0.02998,334656127.0
158,1614816000000,0.02999,0.03332,0.02844,0.03257,377456781.1
159,1614902400000,0.03257,0.0375,0.0295,0.03619,868674818.8
160,1614988800000,0.03619,0.04347,0.03527,0.03766,1275291140.6
161,1615075200000,0.03765,0.03886,0.03551,0.03705,495611515.1
162,1615161600000,0.03706,0.0385,0.03435,0.03623,465483232.4
163,1615248000000,0.03619,0.04249,0.03555,0.04191,572349646.3
164,1615334400000,0.0419,0.04694,0.03965,0.0413,838513052.2
165,1615420800000,0.04131,0.04248,0.0382,0.04211,423519641.4
166,1615507200000,0.04211,0.06335,0.04125,0.05866,2361599989.7
167,1615593600000,0.05864,0.0677,0.05215,0.05312,2027067176.6
168,1615680000000,0.05312,0.08979,0.05251,0.0812,2745076718.5
169,1615766400000,0.08119,0.108,0.07608,0.08642,4361249636.2
170,1615852800000,0.08644,0.10159,0.07586,0.08425,1625286987.6
171,1615939200000,0.08411,0.08919,0.07371,0.08221,1021662300.6
172,1616025600000,0.08221,0.1025,0.07805,0.09517,1535745718.6
173,1616112000000,0.09517,0.127,0.08964,0.11644,2778909039.7
174,1616198400000,0.11644,0.12525,0.1075,0.11328,1044740179.2
175,1616284800000,0.11328,0.18166,0.11081,0.17651,3468721254.7
176,1616371200000,0.17666,0.192,0.148,0.15511,2556392774.5
177,1616457600000,0.15513,0.18733,0.13817,0.15772,1800060579.8
178,1616544000000,0.15764,0.22,0.1569,0.19799,2338117611.3
179,1616630400000,0.19833,0.20176,0.166,0.17853,1531375608.6
180,1616716800000,0.17886,0.19555,0.175,0.18096,858665034.8
181,1616803200000,0.18093,0.189,0.16278,0.16448,692706271.5
182,1616889600000,0.16413,0.2093,0.16,0.20116,1259205537.1
183,1616976000000,0.20116,0.22403,0.19258,0.19846,1207021157.5
184,1617062400000,0.19843,0.204,0.185,0.18989,695047300.9
185,1617148800000,0.18989,0.19042,0.17,0.17622,584699433.4
186,1617235200000,0.17639,0.1964,0.17213,0.17699,650824318.6
187,1617321600000,0.177,0.17869,0.166,0.16906,455902255.6
188,1617408000000,0.16906,0.1806,0.1452,0.15166,822935366.5
189,1617494400000,0.15162,0.17,0.14888,0.15868,632136378.4
190,1617580800000,0.1585,0.16976,0.15,0.15433,710158109.4
191,1617667200000,0.1543,0.15972,0.13404,0.14504,647671230.7
192,1617753600000,0.14512,0.16937,0.1185,0.15477,1560562692.3
193,1617840000000,0.15512,0.17697,0.15291,0.16085,865447644.8
194,1617926400000,0.16086,0.1684,0.15411,0.15741,479437283.4
195,1618012800000,0.15741,0.16065,0.147,0.15029,417031423.1
196,1618099200000,0.1505,0.15571,0.14228,0.14247,386107794.0
197,1618185600000,0.14241,0.1495,0.136,0.14936,552059096.5
198,1618272000000,0.14936,0.16438,0.14404,0.14724,816045949.8
199,1618358400000,0.14726,0.15318,0.13989,0.14964,561283602.7
200,1618444800000,0.14961,0.165,0.14429,0.1538,601373184.9
201,1618531200000,0.15379,0.15452,0.136,0.14116,768858872.1
202,1618617600000,0.14109,0.15522,0.14102,0.14338,661154065.8
203,1618704000000,0.14327,0.145,0.101,0.12835,872505411.4
204,1618790400000,0.12834,0.13893,0.11162,0.11587,662902215.1
205,1618876800000,0.11571,0.12492,0.10536,0.11962,659234800.3
206,1618963200000,0.11967,0.12543,0.11302,0.11453,411047205.1
207,1619049600000,0.11438,0.1248,0.10092,0.10434,475318214.8
208,1619136000000,0.10433,0.1089,0.06959,0.10626,919818941.1
209,1619222400000,0.1064,0.10924,0.09554,0.09929,391465867.4
210,1619308800000,0.09929,0.10558,0.08729,0.09564,246765776.7
211,1619395200000,0.09569,0.14794,0.095,0.13624,1438646474.6
212,1619481600000,0.13623,0.152,0.13179,0.14192,747291707.2
213,1619568000000,0.14208,0.152,0.12579,0.13256,558303068.1
214,1619654400000,0.13255,0.14599,0.125,0.13236,512056192.0
215,1619740800000,0.13242,0.1596,0.12956,0.15268,753670497.1
216,1619827200000,0.15264,0.15266,0.1426,0.1459,342866700.3
217,1619913600000,0.14589,0.14639,0.13587,0.14035,255822288.4
218,1620000000000,0.14022,0.1499,0.13838,0.14134,311177487.4
219,1620086400000,0.1413,0.14166,0.11944,0.12244,439870700.0
220,1620172800000,0.12244,0.1375,0.12066,0.1309,366648985.7
221,1620259200000,0.13087,0.13262,0.12259,0.12751,314165917.3
222,1620345600000,0.12753,0.14114,0.124,0.1301,433881755.5
223,1620432000000,0.13018,0.13379,0.12501,0.12732,219224832.7
224,1620518400000,0.12731,0.132,0.11944,0.13121,276292275.2
225,1620604800000,0.13121,0.15176,0.1101,0.12173,945478150.7
226,1620691200000,0.12176,0.12999,0.115,0.12458,363022934.1
227,1620777600000,0.12458,0.13166,0.10523,0.10663,444840687.6
228,1620864000000,0.10663,0.11565,0.09833,0.10902,499692667.3
229,1620950400000,0.10902,0.12421,0.1079,0.11548,311829711.4
230,1621036800000,0.11544,0.17658,0.11297,0.15842,1751464724.7
231,1621123200000,0.15837,0.18506,0.14509,0.14886,2198346692.8
232,1621209600000,0.149,0.16639,0.13162,0.13448,1161043747.1
233,1621296000000,0.13445,0.18858,0.13425,0.17543,1863774901.7
234,1621382400000,0.17546,0.17736,0.07,0.10765,2258644809.8
235,1621468800000,0.10747,0.14,0.095,0.12139,1214594791.9
236,1621555200000,0.12138,0.1287,0.084,0.10445,909213498.2
237,1621641600000,0.10445,0.10865,0.0884,0.08932,504133742.4
238,1621728000000,0.08921,0.09392,0.058,0.08059,805426588.7
239,1621814400000,0.08065,0.1195,0.08065,0.1081,1174830282.0
240,1621900800000,0.10802,0.12,0.09342,0.10431,660177820.0
241,1621987200000,0.10432,0.11974,0.10103,0.1124,636701233.6
242,1622073600000,0.11239,0.11787,0.0979,0.10503,602647726.7
243,1622160000000,0.10504,0.10827,0.0861,0.09049,602441064.0
244,1622246400000,0.0904,0.09437,0.0775,0.08284,413188640.8
245,1622332800000,0.08282,0.10225,0.07801,0.09285,566860708.7
246,1622419200000,0.09291,0.104,0.08723,0.10145,459389856.6
247,1622505600000,0.10136,0.10537,0.09588,0.09739,296974227.3
248,1622592000000,0.09751,0.1045,0.09525,0.10153,250708214.6
249,1622678400000,0.10153,0.11481,0.09915,0.10999,303840083.0
250,1622764800000,0.10997,0.11042,0.09133,0.09845,422200431.4
251,1622851200000,0.09839,0.10289,0.08886,0.09238,346567725.9
252,1622937600000,0.09246,0.09787,0.09172,0.09625,128775673.4
253,1623024000000,0.09627,0.102,0.08501,0.08596,244601397.1
254,1623110400000,0.08602,0.0897,0.07804,0.08582,326735163.3
255,1623196800000,0.0858,0.09128,0.08056,0.09094,245523910.5
256,1623283200000,0.09094,0.09125,0.08008,0.08271,201333249.6
257,1623369600000,0.08271,0.085,0.07621,0.07858,173727904.5
258,1623456000000,0.07858,0.07867,0.0725,0.07669,183315057.7
259,1623542400000,0.0767,0.087,0.07541,0.08228,179723333.1
260,1623628800000,0.08234,0.08616,0.08045,0.08323,170443619.4
261,1623715200000,0.0833,0.08675,0.0818,0.08366,176231150.7
262,1623801600000,0.08356,0.08397,0.07837,0.08053,156377499.4
263,1623888000000,0.08063,0.08283,0.07757,0.07998,94537078.1
264,1623974400000,0.07998,0.07999,0.07136,0.07382,157740881.9
265,1624060800000,0.07381,0.07457,0.0715,0.0716,100591576.3
266,1624147200000,0.07164,0.07346,0.06674,0.07271,126986165.7
267,1624233600000,0.07273,0.07314,0.0557,0.05663,282646319.8
268,1624320000000,0.05657,0.06243,0.04704,0.05179,416142471.3
269,1624406400000,0.05188,0.06343,0.04972,0.05931,249517161.4
270,1624492800000,0.05942,0.0619,0.0557,0.06043,137972304.5
271,1624579200000,0.06049,0.06222,0.05442,0.05533,158811083.8
272,1624665600000,0.05534,0.05912,0.05301,0.05885,194733015.6
273,1624752000000,0.05885,0.06837,0.0585,0.06751,455341221.5
274,1624838400000,0.06751,0.06919,0.06355,0.06531,179362742.8
275,1624924800000,0.06543,0.07044,0.06522,0.06598,182573006.0
276,1625011200000,0.066,0.06734,0.062,0.06714,184086781.5
277,1625097600000,0.06714,0.06724,0.06101,0.06328,116799302.6
278,1625184000000,0.06321,0.06434,0.0605,0.06271,84004597.5
279,1625270400000,0.06271,0.067,0.06202,0.0645,112859883.9
280,1625356800000,0.06451,0.06899,0.06266,0.06678,99832349.0
281,1625443200000,0.0667,0.0667,0.0622,0.06307,98068968.4
282,1625529600000,0.06312,0.073,0.06306,0.07216,265161433.6
283,1625616000000,0.07216,0.09363,0.07096,0.08422,773799895.2
284,1625702400000,0.08424,0.09241,0.07707,0.08126,439985927.1
285,1625788800000,0.08127,0.08999,0.07668,0.0895,385262094.1
286,1625875200000,0.0895,0.09129,0.08068,0.08231,156407959.6
287,1625961600000,0.08239,0.08432,0.08014,0.08208,104130066.1
288,1626048000000,0.08208,0.084,0.07625,0.0786,146408589.2
289,1626134400000,0.07859,0.08635,0.077,0.08244,251801670.6
290,1626220800000,0.08244,0.08325,0.07416,0.07969,166616248.2
291,1626307200000,0.07968,0.08183,0.072,0.07354,152451509.1
292,1626393600000,0.07349,0.07561,0.06689,0.06715,168036286.7
293,1626480000000,0.06711,0.06865,0.0653,0.06607,96424780.4
294,1626566400000,0.06607,0.06857,0.0638,0.06449,93217417.9
295,1626652800000,0.06443,0.06541,0.05896,0.05936,105834685.3
296,1626739200000,0.0594,0.06021,0.05373,0.05692,146551771.7
297,1626825600000,0.05695,0.06629,0.0549,0.06378,209625240.5
298,1626912000000,0.06385,0.06771,0.06223,0.06445,150983757.4
299,1626998400000,0.06442,0.06992,0.06262,0.06992,125203662.5
300,1627084800000,0.06992,0.07509,0.06887,0.07261,184641103.4
301,1627171200000,0.07264,0.07333,0.069,0.07256,80327202.8
302,1627257600000,0.07247,0.08252,0.0719,0.0727,274244334.6
303,1627344000000,0.07269,0.07693,0.07006,0.07501,150475688.4
304,1627430400000,0.07485,0.07487,0.07059,0.07191,111396392.5
305,1627516800000,0.07192,0.0746,0.07068,0.07378,75654968.1
306,1627603200000,0.07379,0.0769,0.07154,0.0764,120206892.7
307,1627689600000,0.0764,0.07988,0.07472,0.07846,128743523.7
308,1627776000000,0.0785,0.08343,0.07513,0.07609,149480825.6
309,1627862400000,0.07615,0.07913,0.07447,0.0774,83317582.4
310,1627948800000,0.07741,0.07876,0.07189,0.07374,109364166.5
311,1628035200000,0.07375,0.0785,0.07265,0.07803,88091932.5
312,1628121600000,0.07797,0.07822,0.07397,0.07784,93197210.7
313,1628208000000,0.07784,0.0818,0.07592,0.08091,113727960.7
314,1628294400000,0.08092,0.08496,0.07966,0.08388,176460226.3
315,1628380800000,0.0838,0.0869,0.08042,0.08121,195584507.5
316,1628467200000,0.08121,0.09417,0.07777,0.09345,320579125.8
317,1628553600000,0.09345,0.09861,0.0874,0.09113,316953297.3
318,1628640000000,0.0912,0.10186,0.09106,0.09767,288837985.0
319,1628726400000,0.09779,0.10166,0.08838,0.09257,194744846.9
320,1628812800000,0.09265,0.09898,0.09178,0.09821,149560588.5
321,1628899200000,0.09821,0.10171,0.0949,0.09792,183313215.9
322,1628985600000,0.09792,0.11024,0.09496,0.10834,236148849.9
323,1629072000000,0.10826,0.119,0.10274,0.10377,406952619.7
324,1629158400000,0.10377,0.10922,0.09403,0.09549,242793635.4
325,1629244800000,0.09539,0.10191,0.09046,0.09737,207292032.9
326,1629331200000,0.09741,0.10297,0.09261,0.10111,162313120.1
327,1629417600000,0.10113,0.11536,0.10003,0.11084,296136650.7
328,1629504000000,0.11074,0.11221,0.10448,0.10871,243263489.1
329,1629590400000,0.1087,0.12416,0.10848,0.11564,386326643.1
330,1629676800000,0.11564,0.12319,0.11345,0.11563,205622906.0
331,1629763200000,0.11551,0.11858,0.10385,0.10663,258227402.6
332,1629849600000,0.10662,0.11329,0.10288,0.10954,144429713.8
333,1629936000000,0.10943,0.11077,0.09743,0.09903,146961373.9
334,1630022400000,0.09912,0.1054,0.09481,0.10525,154134345.0
335,1630108800000,0.10532,0.10561,0.09907,0.10028,105753048.2
336,1630195200000,0.10029,0.10272,0.09676,0.10123,110893087.0
337,1630281600000,0.10125,0.13,0.0961,0.11541,662130408.6
338,1630368000000,0.11535,0.13649,0.11392,0.11858,998438505.6
339,1630454400000,0.11853,0.1257,0.11501,0.12259,274849729.9
340,1630540800000,0.12261,0.12566,0.119,0.11931,189056435.3
341,1630627200000,0.11938,0.12655,0.1165,0.1219,194873839.3
342,1630713600000,0.12186,0.13086,0.12024,0.12422,185418610.3
343,1630800000000,0.12423,0.13372,0.12423,0.13243,236529691.7
344,1630886400000,0.13233,0.1341,0.12367,0.13021,215772679.4
345,1630972800000,0.13028,0.159,0.09797,0.11971,1273030002.2
346,1631059200000,0.11971,0.15569,0.1165,0.14202,1327826876.6
347,1631145600000,0.142,0.21,0.13714,0.20086,1489835640.1
348,1631232000000,0.20083,0.21,0.16017,0.17201,1006102108.1
349,1631318400000,0.17201,0.20995,0.16634,0.1792,758563763.3
350,1631404800000,0.17916,0.22304,0.1751,0.21665,817720240.0
351,1631491200000,0.21666,0.22995,0.17353,0.18428,840870249.0
352,1631577600000,0.18415,0.18865,0.16651,0.17208,464717986.8
353,1631664000000,0.17202,0.18,0.16798,0.17264,391435722.7
354,1631750400000,0.17264,0.1793,0.15666,0.16357,419067135.1
355,1631836800000,0.1634,0.16457,0.14889,0.15283,332103723.2
356,1631923200000,0.15298,0.17773,0.14879,0.16603,485559502.5
357,1632009600000,0.16587,0.16934,0.15265,0.15662,260258128.7
358,1632096000000,0.15662,0.15713,0.117,0.12793,696020280.6
359,1632182400000,0.12796,0.1467,0.118,0.12106,727432955.0
360,1632268800000,0.12084,0.1398,0.11817,0.13673,594809465.5
361,1632355200000,0.13676,0.15961,0.12952,0.15874,686388864.0
362,1632441600000,0.15883,0.15919,0.12661,0.15055,838070217.4
363,1632528000000,0.15069,0.18,0.14826,0.16221,1203863046.3
364,1632614400000,0.16233,0.18258,0.14799,0.17814,955518925.5
365,1632700800000,0.17787,0.18045,0.15666,0.15771,574220430.0
366,1632787200000,0.15774,0.16291,0.14454,0.14583,458023690.6
367,1632873600000,0.14591,0.15785,0.14012,0.14398,321403360.8
368,1632960000000,0.14405,0.15456,0.14289,0.15064,313612038.4
369,1633046400000,0.15062,0.16214,0.14694,0.15946,321095237.5
370,1633132800000,0.15944,0.17297,0.15423,0.16312,359152774.8
371,1633219200000,0.16316,0.185,0.15963,0.18099,500426468.6
372,1633305600000,0.18099,0.18864,0.166,0.17735,649536532.0
373,1633392000000,0.1774,0.18567,0.17115,0.17509,335206193.1
374,1633478400000,0.17518,0.17638,0.159,0.16807,350843329.2
375,1633564800000,0.16797,0.18137,0.16228,0.17654,392665792.4
376,1633651200000,0.17656,0.2467,0.17387,0.22827,1877731705.6
377,1633737600000,0.22827,0.248,0.20802,0.21934,854059180.2
378,1633824000000,0.21944,0.2669,0.20465,0.25557,1287116641.6
379,1633910400000,0.25553,0.265,0.22485,0.23405,729832322.5
380,1633996800000,0.23414,0.24023,0.2065,0.23642,641876707.3
381,1634083200000,0.23632,0.25621,0.2174,0.22318,836175639.0
382,1634169600000,0.22322,0.23673,0.21921,0.22215,408600571.0
383,1634256000000,0.22213,0.2269,0.20894,0.21731,363920865.7
384,1634342400000,0.21731,0.23009,0.21351,0.21742,257040379.6
385,1634428800000,0.2175,0.2395,0.21501,0.22879,438325833.2
386,1634515200000,0.22881,0.23626,0.21612,0.22322,248727168.3
387,1634601600000,0.22334,0.244,0.21973,0.23324,422086509.6
388,1634688000000,0.23318,0.25434,0.23255,0.25428,375705075.3
389,1634774400000,0.25428,0.26469,0.23641,0.23937,363257750.1
390,1634860800000,0.23928,0.27,0.23911,0.26856,434255444.1
391,1634947200000,0.26871,0.27886,0.26042,0.2693,448230227.7
392,1635033600000,0.26938,0.32,0.26603,0.2914,1246804182.4
393,1635120000000,0.29143,0.3535,0.28788,0.3448,856056869.5
394,1635206400000,0.3448,0.38,0.32963,0.3459,930987316.2
395,1635292800000,0.34579,0.36131,0.2857,0.31114,792727576.3
396,1635379200000,0.3113,0.37662,0.30751,0.34226,707187129.3
397,1635465600000,0.34241,0.34474,0.32004,0.32561,324649664.4
398,1635552000000,0.32561,0.34637,0.29754,0.3066,416933234.6
399,1635638400000,0.3066,0.31122,0.28064,0.30439,355659030.1
400,1635724800000,0.30448,0.32,0.28091,0.28947,308400421.3
401,1635811200000,0.28947,0.305,0.28064,0.28867,335627446.4
402,1635897600000,0.28869,0.31449,0.28366,0.29927,389999052.5
403,1635984000000,0.29917,0.29927,0.27659,0.28052,240171409.1
404,1636070400000,0.28052,0.3053,0.28,0.28386,271715902.9
405,1636156800000,0.2838,0.29099,0.26644,0.28868,197100627.9
406,1636243200000,0.2887,0.31841,0.28733,0.30048,403702837.7
407,1636329600000,0.30047,0.32485,0.29273,0.32312,323187939.1
408,1636416000000,0.32319,0.3288,0.30056,0.3026,247566731.6
409,1636502400000,0.30255,0.30849,0.25678,0.27786,345278830.2
410,1636588800000,0.27778,0.3053,0.2736,0.27835,297270897.1
411,1636675200000,0.2783,0.28281,0.24994,0.27422,263422739.6
412,1636761600000,0.27424,0.2873,0.27033,0.28047,173748756.4
413,1636848000000,0.2804,0.28458,0.26732,0.27554,145108519.6
414,1636934400000,0.27555,0.29981,0.27477,0.2895,298023504.1
415,1637020800000,0.28978,0.29042,0.23614,0.25406,370993705.9
416,1637107200000,0.25381,0.26213,0.23919,0.26205,219843213.4
417,1637193600000,0.26195,0.27481,0.22731,0.23692,378025006.7
418,1637280000000,0.23719,0.25698,0.23089,0.25072,208186110.3
419,1637366400000,0.25074,0.29829,0.25053,0.29029,515254698.0
420,1637452800000,0.29033,0.32,0.28001,0.30926,501045126.8
421,1637539200000,0.30951,0.31455,0.27828,0.28716,367766585.0
422,1637625600000,0.28711,0.3415,0.27404,0.32976,519210350.0
423,1637712000000,0.32976,0.339,0.293,0.31155,406498523.7
424,1637798400000,0.31129,0.32443,0.30478,0.30719,240414140.9
425,1637884800000,0.30733,0.30819,0.25024,0.26308,395323494.4
426,1637971200000,0.26305,0.2746,0.25368,0.26028,151492436.0
427,1638057600000,0.26022,0.27066,0.23384,0.2668,261175057.1
428,1638144000000,0.26671,0.27445,0.25796,0.26876,227712726.9
429,1638230400000,0.26884,0.27193,0.2501,0.25214,200319476.0
430,1638316800000,0.25214,0.25926,0.23998,0.24303,185706904.7
431,1638403200000,0.24292,0.25798,0.23386,0.25449,267721141.7
432,1638489600000,0.25464,0.26166,0.22038,0.23139,290694822.1
433,1638576000000,0.23091,0.23329,0.135,0.20111,617338238.3
434,1638662400000,0.20128,0.20499,0.17417,0.18273,254811439.7
435,1638748800000,0.18274,0.18836,0.15728,0.18632,363783637.3
436,1638835200000,0.18632,0.20611,0.18536,0.19772,354375625.5
437,1638921600000,0.19785,0.19966,0.18121,0.19798,222094928.8
438,1639008000000,0.19801,0.20058,0.17608,0.17684,172772816.2
439,1639094400000,0.17684,0.18481,0.16326,0.16535,184251058.1
440,1639180800000,0.16544,0.17842,0.16259,0.1772,127022494.3
441,1639267200000,0.1772,0.19371,0.17262,0.18822,186570946.1
442,1639353600000,0.18822,0.18991,0.16412,0.168,216394990.9
443,1639440000000,0.16805,0.17396,0.16369,0.17258,139958756.9
444,1639526400000,0.17269,0.2,0.16773,0.18962,282166152.2
445,1639612800000,0.1897,0.21292,0.1895,0.19521,319771480.6
446,1639699200000,0.19525,0.20892,0.1828,0.20041,231582403.8
447,1639785600000,0.20039,0.21525,0.19254,0.20932,183965933.4
448,1639872000000,0.20943,0.24904,0.20391,0.2454,424797233.2
449,1639958400000,0.24549,0.25219,0.20695,0.23777,574167443.4
450,1640044800000,0.23778,0.25243,0.23417,0.23929,303880672.8
451,1640131200000,0.23938,0.26695,0.23782,0.24455,334111544.6
452,1640217600000,0.24455,0.2615,0.23588,0.25666,269257909.3
453,1640304000000,0.2567,0.2617,0.23955,0.24494,204977877.8
454,1640390400000,0.2451,0.255,0.24239,0.25253,117021680.3
455,1640476800000,0.25269,0.27363,0.245,0.26584,260409940.5
456,1640563200000,0.26583,0.28335,0.26186,0.26217,184437684.8
457,1640649600000,0.26224,0.26259,0.23387,0.23639,243759576.3
458,1640736000000,0.2363,0.24443,0.222,0.22528,164271446.0
459,1640822400000,0.22507,0.23448,0.21725,0.22874,121037680.0
460,1640908800000,0.22873,0.2433,0.22359,0.23353,153344741.5
461,1640995200000,0.23358,0.2689,0.23348,0.26794,235809417.1
462,1641081600000,0.2679,0.29524,0.26604,0.29211,443597120.6
463,1641168000000,0.29216,0.318,0.28015,0.3122,458734075.7
464,1641254400000,0.31234,0.331,0.30041,0.30284,436499466.7
465,1641340800000,0.30265,0.32908,0.25711,0.27949,466005710.5
466,1641427200000,0.27949,0.31301,0.26742,0.30895,465507009.4
467,1641513600000,0.30895,0.3275,0.27717,0.30274,806438884.7
468,1641600000000,0.30292,0.33,0.28178,0.30626,576378368.2
469,1641686400000,0.30621,0.325,0.28867,0.2905,419756099.7
470,1641772800000,0.29055,0.2953,0.25379,0.27486,480788758.8
471,1641859200000,0.27498,0.30723,0.27,0.30239,352532372.3
472,1641945600000,0.30239,0.349,0.30202,0.34478,487559503.0
473,1642032000000,0.34476,0.365,0.33157,0.34965,634648456.6
474,1642118400000,0.34965,0.37897,0.34308,0.35588,606688064.5
475,1642204800000,0.35578,0.35627,0.335,0.33809,291471320.1
476,1642291200000,0.33808,0.3574,0.32208,0.35033,400653473.8
477,1642377600000,0.35039,0.35488,0.30606,0.31657,366411395.8
478,1642464000000,0.31655,0.3397,0.30111,0.31784,439860640.6
479,1642550400000,0.31797,0.32141,0.281,0.28332,328654261.8
480,1642636800000,0.28338,0.3,0.2593,0.26128,328970927.4
481,1642723200000,0.26123,0.2666,0.20721,0.21455,537326667.2
482,1642809600000,0.21461,0.21864,0.16462,0.1933,758839603.8
483,1642896000000,0.19344,0.22209,0.18681,0.20596,485421839.3
484,1642982400000,0.2057,0.20585,0.16722,0.19113,554871273.9
485,1643068800000,0.19113,0.19755,0.17907,0.19092,423285429.4
486,1643155200000,0.19108,0.21049,0.18138,0.18612,509915150.3
487,1643241600000,0.18613,0.199,0.17141,0.17943,388532695.1
488,1643328000000,0.17944,0.183,0.17051,0.18176,258393726.8
489,1643414400000,0.18179,0.19404,0.18059,0.18952,218379329.1
490,1643500800000,0.18949,0.197,0.17819,0.1817,244741078.0
491,1643587200000,0.18171,0.1901,0.17302,0.18665,234345793.2
492,1643673600000,0.18657,0.195,0.18321,0.18634,242356074.8
493,1643760000000,0.18625,0.1944,0.17435,0.17527,230737999.2
494,1643846400000,0.17534,0.18064,0.17113,0.18008,192060424.1
495,1643932800000,0.17988,0.19625,0.178,0.19599,291036972.6
496,1644019200000,0.19598,0.20809,0.1935,0.19775,270385959.8
497,1644105600000,0.19768,0.21861,0.1958,0.21175,340027342.2
498,1644192000000,0.21171,0.2295,0.20655,0.22092,336982605.8
499,1644278400000,0.22082,0.22921,0.20259,0.20555,219411852.8
