0,1,2,3,4,5
1642408680000,42780.49,42841.98,42777.8,42829.99,68588.10819098
1642408740000,42831.26,42836.14,42802.85,42804.08,23210.1361069026
1642408800000,42813.21,42829.73,42812.23,42828.94,42326.82500405
1642408860000,42825.49,42846.54,42825.49,42827.51,9878.192948
1642408920000,42825.53,42831.56,42803.7,42826.48,26175.319716258
1642408980000,42824.1,42838.51,42810.58,42810.58,31448.67053359645
1642409040000,42806.69,42830.66,42802.72,42824.74,23466.074166
1642409100000,42830.65,42833.35,42811.13,42816.2,17051.839133
1642409160000,42812.56,42812.57,42788.92,42794.24,18563.0691864
1642409220000,42776.86,42776.86,42748.36,42757.39,11875.9146852979
1642409280000,42759.8,42806.46,42759.74,42806.46,21262.319789
1642409340000,42802.48,42802.49,42772.16,42802.49,28885.57205338
1642409400000,42809.07,42838.31,42809.07,42838.31,12362.5571654
1642409460000,42839.99,42858.07,42833.3,42858.07,6653.768245
1642409520000,42853.27,42864.66,42833.51,42864.66,35579.62881603605
1642409580000,42859.21,42861.5,42837.36,42846.64,37013.101709
1642409640000,42851.67,42855.7,42821.61,42821.61,38308.05996196395
1642409700000,42821.54,42832.36,42814.96,42832.36,21819.29353411
1642409760000,42830.06,42847.61,42826.14,42847.53,17585.03571405
1642409820000,42848.64,42848.64,42842.16,42847.48,22584.999691288
1642409880000,42838.79,42842.27,42802.12,42815.57,38308.234146
1642409940000,42821.51,42843.26,42790.46,42791.36,33824.476045031624
1642410000000,42791.36,42832.93,42791.35,42816.84,130486.42270728185
1642410060000,42814.85,42822.67,42799.03,42803.31,8800.790773298
1642410120000,42800.91,42827.41,42787.41,42804.08,14436.18218074
1642410180000,42810.96,42810.96,42772.74,42785.47,20651.6022170592
1642410240000,42778.74,42778.74,42748.67,42772.59,35097.939929
1642410300000,42772.59,42793.73,42748.11,42781.7,78580.45887485
1642410360000,42774.62,42825.28,42774.62,42825.28,11519.616069
1642410420000,42825.28,42849.52,42825.28,42849.52,3061.15696633
1642410480000,42849.52,42868.41,42835.69,42867.29,40653.635843
1642410540000,42862.51,42872.17,42860.33,42866.32,18995.2649279
1642410600000,42866.33,42875.6,42866.01,42866.01,13728.214054105
1642410660000,42866.01,42873.04,42866.01,42867.49,1611.878284
1642410720000,42877.16,42888.88,42877.16,42886.48,4128.9922419457
1642410780000,42888.21,42888.21,42850.71,42869.55,60492.69997395
1642410840000,42876.23,42876.23,42853.53,42853.6,26320.399201
1642410900000,42849.61,42878.94,42840.83,42855.98,27858.8983349
1642410960000,42859.51,42876.33,42851.15,42857.83,21597.74589609
1642411020000,42843.98,42843.98,42822.73,42822.73,22536.14507097305
1642411080000,42829.31,42829.31,42800.16,42802.98,107743.8032484
1642411140000,42799.73,42801.19,42772.06,42794.05,39748.77995108
1642411200000,42794.05,42794.05,42747.27,42750.76,30773.754939
1642411260000,42757.1,42764.89,42745.65,42746.8,82567.23622127435
1642411320000,42753.2,42775.52,42749.72,42750.35,21263.980935
1642411380000,42753.93,42788.5,42753.93,42781.25,35405.277247
1642411440000,42776.56,42799.99,42773.08,42773.08,6314.589391
1642411500000,42764.05,42784.85,42758.64,42779.25,13172.624892
1642411560000,42779.26,42790.08,42779.05,42780.58,17651.6697663686
1642411620000,42782.69,42796.64,42782.68,42792.41,11534.434077
1642411680000,42789.91,42789.91,42763.04,42778.99,118956.20383434
1642411740000,42769.99,42769.99,42736.2,42747.5,117536.713738
1642411800000,42756.27,42799.99,42749.48,42793.77,37864.01208964715
1642411860000,42795.53,42818.02,42795.53,42818.02,27464.680094
1642411920000,42815.35,42815.35,42792.74,42812.4,19801.67199
1642411980000,42806.68,42812.27,42789.83,42789.83,34291.8226666
1642412040000,42803.88,42803.88,42777.11,42777.11,6225.326829
1642412100000,42773.75,42777.3,42762.23,42772.22,16017.84673456
1642412160000,42774.28,42777.3,42760.86,42777.3,41964.8767171
1642412220000,42782.02,42817.23,42782.02,42817.23,10895.81520292
1642412280000,42811.78,42829.77,42811.77,42822.23,107370.969525
1642412340000,42827.67,42837.54,42818.4,42834.75,28142.5623632
1642412400000,42834.75,42840.76,42830.13,42839.99,11472.6257982807
1642412460000,42833.91,42863.73,42828.63,42854.24,20862.7131001845
1642412520000,42855.85,42855.85,42842.1,42853.61,1887.421325335
1642412580000,42853.62,42865.16,42829.79,42848.21,20238.132158
1642412640000,42845.8,42849.93,42818.85,42824.87,8576.533814
1642412700000,42828.98,42832.44,42794.29,42795.55,15012.255087
1642412760000,42795.56,42805.48,42784.1,42790.2,17592.201461
1642412820000,42794.99,42827.9,42794.99,42815.05,20987.65347665
1642412880000,42802.19,42845.57,42802.19,42845.57,19133.555315
1642412940000,42845.24,42870.01,42845.24,42867.0,48751.991501433
1642413000000,42867.08,42867.71,42863.39,42867.71,22590.8928675
1642413060000,42870.0,42870.0,42863.75,42863.75,7100.81427745
1642413120000,42863.74,42882.8,42863.74,42882.8,12264.34757639
1642413180000,42882.96,42888.87,42874.17,42888.0,15797.4401977927
1642413240000,42888.87,42905.23,42888.87,42900.0,6541.15645957
1642413300000,42903.62,42903.62,42883.91,42891.52,9917.197517
1642413360000,42887.77,42887.77,42843.92,42843.92,5148.313262
1642413420000,42840.63,42854.99,42831.6,42841.61,30061.487253
1642413480000,42841.61,42865.17,42835.55,42854.98,36548.8413898636
1642413540000,42854.99,42861.63,42846.7,42848.13,24525.427577715
1642413600000,42843.01,42866.01,42824.82,42837.99,15792.827306119378
1642413660000,42840.0,42879.82,42840.0,42879.82,27186.25682
1642413720000,42887.17,42895.79,42843.1,42849.03,64514.21290825
1642413780000,42844.51,42844.51,42789.05,42800.28,41320.848571
1642413840000,42796.58,42806.04,42791.51,42797.31,25547.66792481
1642413900000,42797.29,42797.29,42766.34,42775.01,62766.302122
1642413960000,42776.2,42797.31,42767.15,42788.58,21840.7118683
1642414020000,42792.21,42794.39,42776.15,42794.39,25336.4044974544
1642414080000,42797.84,42849.31,42794.39,42844.07,49853.342128
1642414140000,42838.96,42865.67,42838.96,42865.67,15172.993355
1642414200000,42865.67,42873.32,42844.57,42867.84,16247.4241
1642414260000,42877.53,42890.77,42877.53,42882.72,44595.505026
1642414320000,42885.43,42898.94,42854.76,42854.76,34681.0535116042
1642414380000,42857.06,42872.23,42857.06,42857.18,4755.519957658
1642414440000,42856.29,42871.4,42850.32,42850.32,57130.346243169
1642414500000,42847.01,42847.02,42833.41,42837.95,74507.133101
1642414560000,42837.96,42850.94,42834.23,42837.13,18932.2174512525
1642414620000,42834.23,42834.23,42802.92,42802.92,28737.97379932
1642414680000,42802.91,42816.27,42790.38,42797.83,26262.671838
1642414740000,42802.11,42814.12,42788.61,42810.03,15346.632272
1642414800000,42814.13,42825.29,42786.41,42786.41,128393.075326
1642414860000,42786.41,42786.41,42756.0,42762.41,61119.7981602912
1642414920000,42762.88,42788.3,42762.88,42772.42,27926.41429028
1642414980000,42774.52,42783.41,42771.36,42771.36,8029.109155
1642415040000,42767.8,42767.8,42741.42,42760.15,7426.811639
1642415100000,42753.46,42769.13,42753.46,42769.13,4348.774559
1642415160000,42767.12,42786.18,42756.29,42786.18,27000.26706385565
1642415220000,42786.18,42827.08,42786.18,42827.05,22540.161217
1642415280000,42827.04,42827.06,42816.54,42816.54,17207.234958
1642415340000,42816.55,42843.72,42816.55,42831.0,8215.113002
1642415400000,42831.01,42831.01,42794.45,42795.23,121396.96368363
1642415460000,42795.24,42795.24,42759.62,42761.76,36095.343498185
1642415520000,42768.07,42768.07,42719.55,42743.3,55934.2393463
1642415580000,42747.19,42762.27,42741.52,42757.17,37920.7638
1642415640000,42759.95,42762.08,42716.49,42726.25,102647.511403744
1642415700000,42720.04,42748.25,42720.04,42740.47,39680.975946
1642415760000,42728.33,42769.6,42726.98,42751.04,67265.95412832845
1642415820000,42751.04,42765.49,42743.09,42749.02,35483.984614
1642415880000,42749.87,42780.2,42749.87,42780.2,27945.36256854
1642415940000,42784.64,42805.01,42783.03,42785.63,35061.601219
1642416000000,42779.26,42779.26,42746.86,42750.4,11798.533591
1642416060000,42739.11,42761.68,42739.11,42758.45,7771.7606362952
1642416120000,42758.69,42769.18,42741.75,42745.61,35102.21174507
1642416180000,42745.61,42745.61,42731.55,42731.55,252.183277
1642416240000,42728.7,42729.5,42711.38,42724.27,16897.534485
1642416300000,42723.16,42723.16,42672.19,42673.13,39327.12894
1642416360000,42673.13,42678.55,42628.99,42668.42,59681.77474874975
1642416420000,42681.74,42735.65,42679.95,42735.65,11487.03101244
1642416480000,42730.42,42809.34,42730.42,42809.34,33779.82858057
1642416540000,42811.89,42816.37,42775.96,42788.51,99765.52677
1642416600000,42788.51,42790.87,42744.54,42745.19,11410.639469
1642416660000,42752.04,42753.08,42730.01,42753.08,4137.7773788702
1642416720000,42753.08,42757.76,42746.39,42746.4,20124.5014422
1642416780000,42746.39,42763.64,42745.11,42748.44,19255.69783778
1642416840000,42749.16,42793.48,42749.16,42786.52,43707.31421
1642416900000,42786.53,42807.12,42786.53,42794.65,7700.48458180915
1642416960000,42811.44,42832.84,42804.0,42826.84,41923.63659208
1642417020000,42829.48,42829.48,42796.35,42798.63,39422.568422
1642417080000,42798.64,42811.75,42790.23,42794.41,24226.190896
1642417140000,42796.29,42810.1,42786.81,42807.43,42664.88548526
1642417200000,42807.44,42837.01,42790.58,42827.71,44391.825991768834
1642417260000,42827.72,42845.23,42812.85,42816.28,31147.554785
1642417320000,42815.59,42817.74,42806.38,42806.39,10026.24978741
1642417380000,42806.85,42815.34,42797.19,42800.16,13730.6596825
1642417440000,42800.16,42800.16,42791.55,42791.55,43600.366489
1642417500000,42791.55,42791.55,42761.81,42761.81,85808.785562
1642417560000,42757.51,42783.5,42757.51,42783.5,83562.54868674
1642417620000,42774.69,42781.85,42755.89,42755.89,61293.0671129
1642417680000,42762.43,42762.43,42751.42,42751.42,10783.87994194
1642417740000,42763.56,42765.67,42742.86,42742.86,33274.453216
1642417800000,42759.11,42776.83,42756.75,42763.73,12362.88603471875
1642417860000,42765.99,42782.79,42753.1,42782.79,11713.228558
1642417920000,42800.15,42814.8,42797.79,42807.15,10025.848765
1642417980000,42830.22,42830.22,42805.2,42809.09,7117.041028
1642418040000,42811.42,42811.42,42792.16,42795.46,14375.93997661125
1642418100000,42797.87,42818.87,42797.16,42804.34,27471.597726
1642418160000,42804.68,42826.11,42801.74,42826.1,21887.621948
1642418220000,42820.84,42847.79,42820.84,42841.23,31325.76301738
1642418280000,42834.5,42837.38,42826.95,42832.92,28204.0939511685
1642418340000,42833.57,42849.15,42826.48,42833.34,21033.403776618
1642418400000,42833.33,42833.33,42801.28,42801.28,10721.3036328
1642418460000,42797.17,42799.5,42776.14,42781.44,35709.232659186
1642418520000,42785.72,42786.17,42764.92,42771.42,42041.201035
1642418580000,42775.62,42775.62,42748.37,42753.9,42760.7764348416
1642418640000,42763.72,42783.55,42763.72,42769.91,33659.521968
1642418700000,42769.9,42787.86,42759.05,42784.62,15346.487868
1642418760000,42784.62,42789.09,42760.93,42766.86,100391.77371736
1642418820000,42765.3,42773.48,42755.58,42757.07,40323.279342
1642418880000,42744.14,42747.84,42725.91,42725.91,32802.42659025
1642418940000,42736.65,42750.17,42721.28,42733.05,75405.640305
1642419000000,42733.05,42749.03,42715.45,42730.29,34289.044609
1642419060000,42736.84,42745.88,42722.4,42726.98,95310.61109
1642419120000,42725.23,42725.23,42678.01,42678.01,107412.018672
1642419180000,42678.08,42706.9,42675.22,42692.72,55236.8784121847
1642419240000,42690.18,42691.77,42655.29,42691.5,74250.19655852
1642419300000,42699.72,42702.15,42670.74,42670.74,8258.6682846
1642419360000,42671.94,42707.66,42669.63,42687.83,27036.791361554
1642419420000,42697.94,42717.11,42692.16,42698.28,45632.4223634176
1642419480000,42698.28,42698.28,42672.25,42675.7,42074.8919053
1642419540000,42668.85,42694.18,42668.85,42694.18,14123.820913
1642419600000,42697.05,42713.81,42680.1,42680.1,9517.343272
1642419660000,42668.01,42698.78,42668.01,42685.87,37727.712554
1642419720000,42685.86,42727.81,42681.76,42706.06,46096.792248694
1642419780000,42706.06,42721.81,42706.06,42714.47,19165.737537
1642419840000,42714.47,42718.62,42680.11,42680.11,49381.055857
1642419900000,42678.52,42730.38,42671.18,42723.56,44671.9694865
1642419960000,42722.23,42745.08,42718.53,42735.86,19547.7597539
1642420020000,42735.86,42742.95,42721.99,42735.87,18248.7942738531
1642420080000,42735.87,42738.86,42726.6,42730.75,56008.262552
1642420140000,42725.93,42736.31,42718.55,42736.31,52027.138744
1642420200000,42739.69,42771.56,42728.66,42769.1,26599.95268033
1642420260000,42769.1,42783.09,42769.1,42778.74,27222.29894
1642420320000,42769.18,42779.66,42769.18,42779.47,33979.3102833147
1642420380000,42777.17,42777.17,42747.25,42766.51,8080.558821
1642420440000,42766.51,42779.47,42758.71,42763.16,19431.97744772
1642420500000,42763.17,42763.17,42734.09,42734.66,11638.599243448
1642420560000,42738.87,42738.87,42705.11,42705.11,2680.76734306425
1642420620000,42705.11,42743.28,42692.2,42701.9,37131.76984194
1642420680000,42701.9,42701.9,42673.71,42682.5,10185.89896174
1642420740000,42683.19,42702.95,42666.0,42668.09,7886.510113445
1642420800000,42677.58,42677.58,42637.72,42656.09,12391.624622802634
1642420860000,42643.61,42678.96,42643.61,42678.95,12728.828908
1642420920000,42681.03,42708.29,42675.03,42708.29,35175.69868916
1642420980000,42708.25,42708.25,42666.61,42675.24,105688.460433174
1642421040000,42664.54,42664.54,42622.72,42623.91,34965.774918
1642421100000,42614.86,42617.33,42586.7,42591.48,98695.48612
1642421160000,42600.54,42616.25,42581.04,42581.04,81808.0516254436
1642421220000,42578.44,42586.57,42537.1,42586.57,36919.19246794
1642421280000,42585.47,42595.16,42566.65,42572.62,45347.86326115
1642421340000,42564.28,42564.28,42542.6,42542.6,64297.78287485
1642421400000,42542.61,42586.79,42542.61,42553.66,13899.258984744
1642421460000,42542.6,42542.6,42503.23,42521.34,82033.3366239427
1642421520000,42520.95,42572.47,42519.81,42557.1,24159.33192362
1642421580000,42550.31,42570.2,42530.98,42530.98,39357.4092994
1642421640000,42526.74,42568.45,42526.74,42560.37,4282.6437966
1642421700000,42563.77,42595.77,42539.0,42565.03,50033.741849
1642421760000,42565.04,42565.04,42543.17,42545.73,36087.18454931
1642421820000,42547.32,42547.32,42476.82,42490.47,41056.1634648276
1642421880000,42493.33,42535.53,42440.67,42535.16,30886.750945
1642421940000,42529.67,42563.64,42519.24,42554.2,92644.30756964
1642422000000,42539.75,42549.65,42504.75,42504.75,19058.6130302
1642422060000,42512.1,42544.83,42506.42,42537.41,25272.9547335354
1642422120000,42537.82,42560.23,42522.51,42559.17,100674.736297
1642422180000,42560.33,42570.4,42549.46,42552.77,50291.31892616
1642422240000,42553.05,42643.09,42547.37,42624.77,27657.818552
1642422300000,42614.77,42676.14,42614.77,42628.63,7245.364193
1642422360000,42625.95,42672.16,42625.95,42665.23,27615.734192
1642422420000,42636.62,42685.23,42630.24,42675.92,43400.2834764256
1642422480000,42669.89,42741.73,42664.06,42735.87,89137.46540713
1642422540000,42733.73,42768.51,42684.85,42703.36,93089.208369
1642422600000,42699.43,42761.92,42699.43,42750.92,206335.54924877
1642422660000,42728.08,42739.48,42700.66,42704.99,50667.819414976
1642422720000,42702.47,42768.52,42702.47,42759.29,37093.33796294
1642422780000,42762.21,42779.46,42752.88,42752.88,14327.895014
1642422840000,42752.88,42780.22,42742.49,42760.28,47277.663186
1642422900000,42770.82,42775.01,42737.55,42737.55,20574.150608
1642422960000,42735.46,42735.46,42701.9,42701.9,60871.1643206095
1642423020000,42688.16,42717.0,42688.16,42700.65,8770.810638
1642423080000,42695.18,42710.06,42687.11,42687.11,63735.054011
1642423140000,42687.11,42704.82,42687.11,42701.41,37533.610563
1642423200000,42702.81,42722.97,42702.81,42720.59,24811.661139
1642423260000,42720.58,42743.08,42720.58,42743.08,12352.4710911475
1642423320000,42743.09,42760.92,42727.15,42739.64,121967.955829
1642423380000,42744.45,42752.41,42711.71,42711.71,69955.59776898
1642423440000,42704.0,42704.0,42626.14,42626.14,39931.3026996
1642423500000,42626.13,42656.4,42594.36,42600.08,67032.990861
1642423560000,42586.47,42628.46,42576.87,42618.63,59864.8897907724
1642423620000,42612.37,42628.05,42600.97,42618.41,26130.89933403
1642423680000,42612.5,42639.04,42603.57,42637.73,13657.7954759108
1642423740000,42623.04,42639.97,42623.04,42637.92,3852.6161724
1642423800000,42632.05,42641.69,42605.03,42627.31,7902.624672
1642423860000,42618.51,42640.99,42618.51,42640.99,10753.469109
1642423920000,42641.55,42641.55,42601.83,42608.67,7168.250352
1642423980000,42602.05,42623.04,42601.04,42617.95,18561.163385
1642424040000,42617.95,42640.88,42617.95,42619.77,12250.0292254
1642424100000,42621.34,42628.62,42610.45,42625.11,51938.769035
1642424160000,42625.11,42633.98,42594.22,42606.02,20907.9314313553
1642424220000,42606.02,42626.43,42599.79,42599.79,97474.1729572
1642424280000,42595.76,42595.76,42567.48,42567.48,19512.81551825
1642424340000,42567.47,42597.25,42546.01,42557.68,33325.86497505
1642424400000,42552.41,42593.29,42552.4,42571.79,78103.9428985289
1642424460000,42586.01,42604.51,42581.37,42596.67,106258.38098929
1642424520000,42602.0,42627.22,42593.79,42623.48,43142.16406929
1642424580000,42619.72,42624.79,42574.36,42588.03,207177.69452118425
1642424640000,42584.75,42598.42,42536.47,42536.47,168829.904441
1642424700000,42530.55,42535.52,42505.79,42533.74,231777.658243
1642424760000,42533.74,42561.67,42509.26,42509.26,68675.73220001
1642424820000,42509.26,42542.19,42508.39,42523.88,123910.217318
1642424880000,42519.84,42567.61,42516.47,42563.35,87168.56580684
1642424940000,42563.35,42581.75,42555.27,42559.91,49530.22203084
1642425000000,42559.91,42600.38,42558.39,42572.47,64321.83934468
1642425060000,42572.47,42572.47,42550.46,42550.46,28199.26236029
1642425120000,42550.46,42576.44,42542.16,42564.54,38359.87707
1642425180000,42573.0,42577.52,42547.84,42550.26,50028.51726
1642425240000,42561.34,42613.53,42561.34,42613.53,73450.390562
1642425300000,42613.53,42613.54,42606.09,42609.98,15142.970862
1642425360000,42609.98,42647.8,42609.98,42647.8,13329.815500715
1642425420000,42647.79,42658.16,42636.51,42648.06,24966.704331
1642425480000,42653.4,42662.67,42627.34,42638.21,45559.67129029
1642425540000,42641.74,42653.88,42618.21,42640.28,60383.96911933
1642425600000,42641.89,42652.14,42626.02,42626.93,37851.920107
1642425660000,42626.93,42672.25,42626.93,42648.91,57876.1254165
1642425720000,42643.31,42643.31,42613.4,42625.06,27738.6263105
1642425780000,42629.34,42640.53,42607.51,42640.53,333501.000533504
1642425840000,42640.52,42654.45,42624.51,42644.54,20032.99952891555
1642425900000,42644.54,42657.73,42617.23,42646.98,31184.1296076
1642425960000,42645.77,42655.78,42630.7,42637.63,32866.92643893
1642426020000,42648.53,42648.53,42594.11,42605.51,81051.54402
1642426080000,42612.43,42621.47,42573.73,42577.43,76600.603202
1642426140000,42586.06,42586.06,42559.72,42565.29,16287.53168286765
1642426200000,42569.24,42572.92,42541.45,42572.92,42170.188293
1642426260000,42572.92,42572.92,42544.57,42554.51,21471.338516
1642426320000,42554.51,42565.42,42536.18,42561.71,41814.776348
1642426380000,42559.72,42574.52,42559.72,42564.58,2553.864782
1642426440000,42574.52,42611.16,42574.51,42608.45,268641.4011958894
1642426500000,42608.45,42619.67,42589.63,42595.3,70145.982805
1642426560000,42595.3,42616.79,42587.69,42616.79,31773.930632554
1642426620000,42620.0,42647.8,42599.18,42632.38,44696.090504
1642426680000,42647.79,42668.42,42635.84,42635.84,48574.28148713
1642426740000,42637.66,42647.33,42614.47,42632.1,23523.7652891592
1642426800000,42631.71,42637.37,42608.31,42636.12,29919.97665062
1642426860000,42636.53,42651.48,42616.58,42627.63,9724.687644
1642426920000,42627.61,42627.61,42600.0,42600.01,27019.678653
1642426980000,42600.0,42600.01,42566.33,42566.33,33216.394267
1642427040000,42565.45,42578.82,42550.0,42550.0,73359.53232558645
1642427100000,42544.36,42576.7,42544.36,42564.54,124034.080778
1642427160000,42564.54,42577.58,42564.54,42571.7,25554.078099724
1642427220000,42575.07,42575.07,42564.59,42564.59,11366.519181
1642427280000,42564.59,42570.58,42541.52,42545.75,15568.645247
1642427340000,42543.33,42566.59,42541.46,42555.66,28412.1797676654
1642427400000,42551.29,42551.29,42529.79,42530.04,25926.717177
1642427460000,42525.16,42570.61,42516.9,42570.61,28568.42523698
1642427520000,42568.75,42568.75,42535.62,42553.77,16216.031645635
1642427580000,42556.48,42580.18,42556.23,42573.04,15972.630135
1642427640000,42579.38,42623.59,42573.03,42623.59,12093.46870108
1642427700000,42627.62,42656.26,42625.15,42656.26,97884.283066
1642427760000,42656.25,42656.25,42617.72,42620.07,19049.59393008
1642427820000,42615.69,42655.73,42615.69,42648.97,36702.314895
1642427880000,42648.97,42656.25,42634.43,42652.32,53970.6325457
1642427940000,42655.62,42663.94,42629.82,42645.95,44238.28807756
1642428000000,42640.83,42645.76,42600.4,42637.88,18858.462084366933
1642428060000,42635.43,42702.43,42635.43,42702.43,56520.5944415204
1642428120000,42702.44,42705.23,42670.68,42686.22,69443.103677
1642428180000,42686.22,42695.44,42655.45,42671.51,10080.188919
1642428240000,42677.42,42677.42,42654.95,42664.09,17296.14285897
1642428300000,42664.1,42673.72,42653.49,42664.05,27005.0302065
1642428360000,42664.17,42664.17,42630.83,42630.83,15973.855624
1642428420000,42630.87,42644.41,42604.81,42604.81,26398.91793430515
1642428480000,42614.38,42630.77,42597.93,42600.06,17106.400806432
1642428540000,42597.92,42608.67,42589.62,42603.76,18734.759727
1642428600000,42603.77,42608.46,42582.0,42596.83,21073.250485
1642428660000,42596.84,42606.11,42586.03,42594.04,42485.047201
1642428720000,42594.29,42594.29,42564.89,42591.1,28807.2752620576
1642428780000,42591.1,42625.82,42589.06,42619.95,27682.50487798
1642428840000,42605.62,42635.84,42605.62,42613.45,47155.981035
1642428900000,42616.28,42616.28,42567.95,42567.95,30685.684163
1642428960000,42567.95,42608.26,42560.71,42590.17,41225.384066
1642429020000,42587.79,42619.95,42585.17,42607.73,32874.52301090815
1642429080000,42606.23,42631.31,42581.44,42629.37,71909.59639009
1642429140000,42640.36,42666.0,42636.42,42663.85,64077.38389418
1642429200000,42658.68,42671.17,42655.13,42667.4,14096.147619
1642429260000,42668.48,42671.1,42656.66,42656.66,2956.650334
1642429320000,42656.65,42668.43,42656.65,42666.22,7139.65913082615
1642429380000,42663.11,42688.46,42663.11,42677.64,14771.13004759
1642429440000,42690.65,42725.14,42686.0,42710.92,66800.605176
1642429500000,42726.27,42728.52,42686.47,42700.0,21237.5910295276
1642429560000,42700.01,42712.34,42693.97,42706.86,9460.95306542
1642429620000,42706.86,42719.73,42701.58,42719.61,63702.956158198
1642429680000,42719.6,42724.23,42701.9,42715.3,22366.16900336
1642429740000,42711.24,42715.22,42693.15,42697.85,29470.495584
1642429800000,42708.93,42710.78,42687.44,42707.81,13675.6094874
1642429860000,42710.77,42718.09,42685.65,42686.3,15141.82048
1642429920000,42686.34,42716.45,42686.34,42687.48,94567.73996
1642429980000,42692.28,42709.88,42687.47,42691.52,25156.8040396
1642430040000,42691.02,42695.28,42640.85,42644.85,73745.226621
1642430100000,42644.86,42652.46,42632.34,42652.46,4485.85686358385
1642430160000,42645.74,42654.57,42635.43,42635.43,35045.0754896
1642430220000,42635.43,42678.12,42635.43,42667.47,66212.103583
1642430280000,42675.23,42694.62,42663.94,42694.62,16918.12272088
1642430340000,42691.56,42707.52,42675.05,42705.78,45962.03315754
1642430400000,42695.24,42702.7,42690.79,42694.28,27298.4702505285
1642430460000,42691.67,42705.22,42691.67,42705.22,29462.73126872
1642430520000,42708.79,42711.97,42697.57,42697.57,47507.651840608
1642430580000,42699.72,42713.91,42697.33,42713.91,18203.684352
1642430640000,42713.91,42721.86,42706.61,42715.17,126631.4707553468
1642430700000,42715.17,42721.87,42691.67,42691.67,75986.4319051676
1642430760000,42684.89,42695.34,42677.89,42677.89,61192.112313
1642430820000,42672.52,42672.52,42626.91,42638.45,38265.49358
1642430880000,42638.45,42660.97,42632.44,42660.97,18446.513122
1642430940000,42660.96,42665.35,42612.92,42619.32,83534.484464
1642431000000,42612.64,42624.25,42584.47,42601.49,45820.03265950135
1642431060000,42605.39,42614.04,42594.89,42605.55,51420.2151278
1642431120000,42600.45,42629.05,42600.1,42620.09,23491.3626759554
1642431180000,42623.78,42625.22,42606.01,42609.41,15777.5690938544
1642431240000,42607.27,42626.03,42594.89,42626.03,23711.6297478
1642431300000,42623.49,42627.3,42602.17,42616.09,8830.97192973
1642431360000,42620.33,42631.38,42571.04,42629.4,136386.39824725
1642431420000,42619.29,42639.24,42619.29,42639.22,74033.1139686208
1642431480000,42654.7,42677.53,42652.45,42677.53,20493.87377444
1642431540000,42674.88,42676.45,42650.66,42659.43,42275.72266509
1642431600000,42659.44,42675.61,42642.73,42657.2,80658.73806327772
1642431660000,42647.1,42647.1,42611.68,42611.68,42351.567963
1642431720000,42598.22,42604.42,42570.37,42570.37,53175.3079102549
1642431780000,42570.01,42578.84,42552.45,42552.45,62783.38962089
1642431840000,42554.44,42554.44,42492.16,42500.0,105349.01606
1642431900000,42505.9,42544.15,42505.9,42534.33,43802.719203
1642431960000,42544.64,42544.64,42525.61,42533.86,14321.240112
1642432020000,42533.87,42552.23,42533.87,42538.84,13021.43617509
1642432080000,42536.29,42580.53,42533.61,42579.8,134871.4771077425
1642432140000,42573.87,42573.87,42498.97,42501.2,20841.013838
1642432200000,42492.29,42518.9,42374.0,42448.28,98630.2367769411
1642432260000,42444.93,42476.44,42443.35,42470.69,72073.92015526
1642432320000,42471.45,42500.61,42468.79,42488.54,22978.766938
1642432380000,42482.46,42537.49,42482.46,42537.49,41290.961962397
1642432440000,42538.51,42556.08,42528.73,42542.42,14412.287634
1642432500000,42534.27,42542.41,42504.94,42517.9,22628.464163
1642432560000,42509.68,42557.58,42504.29,42557.58,52294.0668408
1642432620000,42559.64,42595.74,42559.64,42574.29,99140.69334
1642432680000,42575.89,42577.98,42569.64,42575.45,18488.346543035
1642432740000,42576.5,42620.08,42576.5,42590.14,32259.4753387676
1642432800000,42593.96,42593.96,42552.85,42585.44,26110.626612
1642432860000,42585.5,42605.57,42574.12,42586.68,48671.321715
1642432920000,42592.51,42626.18,42590.75,42619.4,72252.037457
1642432980000,42626.19,42626.73,42588.62,42595.68,12265.43264
1642433040000,42595.68,42601.63,42557.19,42557.19,9086.97732084445
1642433100000,42557.26,42573.25,42553.86,42569.31,13751.26314039
1642433160000,42567.27,42604.83,42567.27,42598.74,23055.98148608
1642433220000,42604.83,42616.78,42600.63,42607.35,34882.3054927008
1642433280000,42607.36,42618.98,42607.36,42615.15,13597.45789323
1642433340000,42610.54,42628.92,42610.54,42620.87,35231.2128857447
1642433400000,42621.75,42636.9,42588.18,42588.18,60889.82388501975
1642433460000,42585.62,42592.73,42544.6,42550.75,4205.983349
1642433520000,42548.28,42564.65,42520.57,42520.61,20883.95754847
1642433580000,42519.35,42549.46,42508.7,42542.14,23821.00839376
1642433640000,42541.91,42546.78,42519.18,42519.18,35790.77511697
1642433700000,42514.01,42546.38,42514.01,42546.38,18460.8033127142
1642433760000,42541.21,42583.94,42541.21,42583.94,18572.8588125
1642433820000,42562.63,42607.85,42549.98,42595.78,28417.5910676
1642433880000,42593.57,42621.17,42593.57,42621.17,54212.10143302
1642433940000,42621.18,42639.51,42621.18,42634.17,15630.8583343
1642434000000,42631.71,42637.18,42617.14,42622.16,5280.1721193776
1642434060000,42619.46,42640.87,42619.46,42636.33,36800.745285
1642434120000,42636.01,42636.01,42606.54,42626.84,22335.2428766
1642434180000,42630.82,42630.82,42602.08,42602.08,6707.18234535
1642434240000,42600.58,42632.1,42598.2,42632.1,6673.617964
1642434300000,42630.51,42638.16,42624.81,42630.95,36405.50589073135
1642434360000,42630.95,42636.39,42619.85,42619.85,37190.30579876
1642434420000,42616.05,42623.07,42577.49,42577.49,4393.101371
1642434480000,42585.05,42599.84,42570.39,42596.95,24925.35819968
1642434540000,42600.84,42600.84,42534.23,42545.28,31260.925631
1642434600000,42537.26,42541.53,42517.11,42522.36,121940.7724810382
1642434660000,42522.36,42522.36,42482.71,42482.71,23725.241693
1642434720000,42490.1,42514.3,42477.83,42483.25,142375.9811188
1642434780000,42491.47,42498.06,42477.72,42483.7,27219.768783
1642434840000,42491.25,42494.97,42475.5,42480.92,51438.728039905
1642434900000,42484.7,42495.02,42428.09,42444.25,23646.6721049172
1642434960000,42444.26,42480.28,42431.84,42470.03,77445.13573219
1642435020000,42475.17,42476.44,42453.31,42457.03,34171.165989
1642435080000,42460.71,42474.15,42434.98,42435.59,27949.05026071
1642435140000,42434.98,42476.94,42400.0,42472.95,105676.57219061
1642435200000,42473.23,42479.71,42442.04,42475.02,26049.80089345673
1642435260000,42477.44,42495.06,42476.29,42494.91,43403.0518901
1642435320000,42491.51,42508.77,42476.9,42497.94,53971.9274827
1642435380000,42497.94,42531.16,42497.94,42524.15,227066.16056392
1642435440000,42529.55,42537.03,42510.69,42527.62,48128.902909
1642435500000,42522.0,42522.0,42480.56,42488.0,18817.286001
1642435560000,42482.53,42482.53,42378.0,42378.39,206255.013608
1642435620000,42379.65,42414.72,42348.1,42366.87,53994.641129
1642435680000,42366.87,42411.13,42366.87,42411.13,37727.657744728
1642435740000,42407.1,42409.65,42360.33,42385.44,244384.828636
1642435800000,42371.94,42378.22,42248.39,42317.72,213172.3688800402
1642435860000,42317.72,42317.72,42215.13,42290.83,113843.89283651
1642435920000,42284.42,42284.42,42186.23,42217.94,136433.3176259788
1642435980000,42221.54,42270.38,42209.5,42270.38,142769.06473206
1642436040000,42262.78,42262.78,42179.44,42217.89,80729.47596752
1642436100000,42217.89,42217.89,42140.75,42208.82,174503.3168288
1642436160000,42205.31,42288.75,42205.31,42288.75,170990.34328815
1642436220000,42288.75,42327.82,42288.57,42305.97,74032.608684815
1642436280000,42314.52,42335.85,42291.14,42311.39,91512.70013154
1642436340000,42307.91,42311.02,42263.87,42286.28,66377.86071374
1642436400000,42288.71,42298.93,42225.58,42293.92,185837.69666
1642436460000,42287.65,42353.49,42287.65,42353.49,83964.15541102
1642436520000,42353.49,42407.8,42353.49,42405.65,48555.167756815
1642436580000,42393.54,42467.7,42386.96,42439.33,72945.5436899883
1642436640000,42426.03,42476.82,42426.03,42444.8,43207.826957
1642436700000,42441.23,42450.25,42396.11,42396.11,26356.057326
1642436760000,42407.11,42427.27,42379.58,42418.68,70892.51050442
1642436820000,42426.44,42429.31,42357.77,42366.64,86811.46862587
1642436880000,42356.77,42388.39,42346.78,42360.33,50906.5266268
1642436940000,42355.72,42361.41,42328.17,42339.61,62000.9806305158
1642437000000,42335.0,42351.24,42312.77,42339.88,30418.448693
1642437060000,42363.57,42380.82,42344.23,42344.23,32040.185673
1642437120000,42348.91,42351.68,42289.48,42296.58,22475.174313
1642437180000,42302.39,42306.32,42262.44,42262.44,73016.051886
1642437240000,42261.93,42264.47,42231.24,42238.45,57152.192013472
1642437300000,42233.23,42259.22,42230.21,42259.22,34108.02532075
1642437360000,42255.8,42284.14,42243.13,42250.56,19952.09029174
1642437420000,42247.56,42296.13,42238.49,42294.49,29999.526069
1642437480000,42296.09,42301.93,42281.69,42283.57,10112.45157942
1642437540000,42283.57,42283.57,42247.84,42251.62,6956.833255
1642437600000,42247.83,42264.48,42236.16,42246.2,4441.96141675875
1642437660000,42242.66,42243.48,42220.03,42236.47,173720.45985
1642437720000,42233.82,42241.4,42196.15,42241.4,60179.52777276
1642437780000,42230.02,42289.85,42230.02,42280.83,22842.74976709
1642437840000,42279.16,42322.0,42257.7,42304.42,82437.486012
1642437900000,42310.03,42327.19,42282.78,42286.2,24804.5367797548
1642437960000,42294.98,42301.88,42236.72,42262.55,11879.794810384
1642438020000,42248.12,42260.54,42240.72,42240.83,7177.780117
1642438080000,42240.84,42245.59,42207.22,42208.62,15995.854199
1642438140000,42206.94,42224.26,42163.27,42224.26,68547.714824
1642438200000,42214.4,42214.4,42151.66,42177.57,58844.5055179122
1642438260000,42168.96,42221.86,42168.96,42196.77,34691.841279
1642438320000,42205.29,42227.44,42190.17,42226.05,63436.4122036
1642438380000,42207.58,42220.9,42200.08,42210.21,3498.4528729498
1642438440000,42210.21,42226.24,42190.17,42223.57,84217.663541
1642438500000,42206.73,42227.27,42204.46,42222.25,9668.80346168875
1642438560000,42222.26,42242.78,42203.68,42242.78,19908.8420422
1642438620000,42248.04,42278.75,42243.93,42259.28,73659.136925
1642438680000,42259.28,42265.44,42215.88,42226.25,48709.097059
1642438740000,42221.23,42247.04,42218.02,42221.62,15820.424779025
1642438800000,42221.62,42252.85,42182.82,42182.82,14527.839933554735
1642438860000,42188.58,42188.58,42143.72,42145.8,28367.56867892
1642438920000,42146.21,42184.92,42139.75,42139.75,40281.408106
1642438980000,42139.07,42180.53,42138.15,42138.15,120462.78301446
1642439040000,42140.21,42179.59,42081.26,42130.2,95572.78499297
1642439100000,42138.57,42228.68,42138.57,42209.18,205820.6458355688
1642439160000,42209.19,42209.42,42159.85,42167.57,143926.310758
1642439220000,42166.66,42166.66,42109.0,42149.34,29047.652834
1642439280000,42137.7,42179.65,42124.01,42162.29,37455.32379854
1642439340000,42162.29,42172.05,42145.0,42161.59,57607.75920778
1642439400000,42161.73,42167.83,42137.21,42153.17,74902.67281572
1642439460000,42146.34,42165.22,42125.92,42130.73,33394.81991276875
1642439520000,42114.3,42115.01,42108.41,42108.41,2429.872999
1642439580000,42108.41,42108.41,42077.0,42102.82,169641.02256127
1642439640000,42102.82,42102.82,42077.0,42083.32,35172.86300789
1642439700000,42095.03,42095.03,42046.15,42068.25,250528.18943952
1642439760000,42067.01,42177.91,42067.01,42158.39,91732.0672605487
1642439820000,42165.22,42194.45,42125.0,42133.11,56634.559784
1642439880000,42140.41,42164.34,42137.62,42161.72,85497.4222962
1642439940000,42157.14,42194.01,42144.99,42176.75,60133.889843
1642440000000,42198.07,42198.07,42146.12,42146.94,74164.387254
1642440060000,42142.31,42142.31,42119.03,42127.37,48925.55093912195
1642440120000,42119.77,42156.87,42118.26,42132.24,26872.1697217
1642440180000,42119.95,42126.61,42106.61,42126.61,4918.465227
1642440240000,42127.9,42127.9,42084.46,42089.08,29803.771028
1642440300000,42084.67,42086.56,42038.36,42045.96,67423.3094183374
1642440360000,42045.67,42081.17,42041.66,42073.52,64817.2796205065
1642440420000,42081.17,42101.95,42048.05,42065.31,29621.11691564
1642440480000,42065.49,42077.07,42021.2,42043.44,38573.234223
1642440540000,42043.45,42057.61,42019.02,42057.61,37136.47039066
1642440600000,42050.95,42050.95,41962.4,42020.56,355668.4428276412
1642440660000,42020.56,42127.22,42006.61,42113.79,120760.005743151
1642440720000,42110.95,42148.38,42110.22,42148.38,108135.96150751
1642440780000,42150.0,42154.28,42106.14,42154.28,138158.08944254
1642440840000,42154.28,42170.71,42126.33,42170.71,24366.0417659
1642440900000,42168.59,42175.93,42147.45,42175.0,37344.151644
1642440960000,42175.93,42175.93,42134.45,42134.45,66848.85757243
1642441020000,42140.76,42155.03,42105.75,42105.75,18413.06917977095
1642441080000,42121.24,42139.15,42106.92,42128.0,52776.9853607
1642441140000,42122.34,42123.71,42090.93,42090.93,51161.843389
1642441200000,42090.93,42116.51,42079.39,42100.31,97677.02826869
1642441260000,42100.3,42122.89,42069.82,42121.41,103383.87003914
1642441320000,42120.89,42143.64,42118.01,42143.63,12024.51693902
1642441380000,42143.63,42181.42,42141.72,42153.59,99667.91793226
1642441440000,42153.58,42195.63,42153.58,42195.63,4419.09314665
1642441500000,42200.0,42230.08,42192.61,42192.61,32314.09547
1642441560000,42192.61,42194.66,42147.98,42155.16,16128.732812
1642441620000,42170.07,42189.19,42164.05,42171.98,82212.32555001284
1642441680000,42169.87,42169.87,42149.21,42153.22,26004.735636
1642441740000,42153.21,42153.21,42120.69,42130.75,58172.952315608
1642441800000,42121.97,42153.57,42121.97,42127.25,135478.52672775
1642441860000,42124.86,42155.72,42124.86,42145.73,3354.101391
1642441920000,42151.65,42158.16,42123.64,42123.64,27188.6189531551
1642441980000,42128.89,42128.89,42088.83,42109.78,58901.63497128
1642442040000,42100.11,42100.11,42080.0,42095.7,54221.38576971
1642442100000,42086.83,42086.83,42037.32,42037.33,124655.16860472
1642442160000,42037.33,42069.69,42037.33,42067.13,27647.4321209
1642442220000,42066.42,42070.49,42044.46,42062.31,18223.13003693025
1642442280000,42066.24,42099.98,42039.72,42099.98,9623.6903314
1642442340000,42095.8,42125.27,42092.58,42125.27,76259.78059065
1642442400000,42125.27,42125.28,42042.9,42047.73,20220.197860408993
1642442460000,42047.97,42057.88,42012.71,42016.15,27248.663209
1642442520000,42021.25,42027.21,42007.85,42027.2,57589.54969583
1642442580000,42027.2,42046.81,42014.69,42014.69,68286.62717421
1642442640000,42017.62,42038.49,42003.74,42033.37,25647.196125
1642442700000,42038.5,42052.08,41991.75,41992.43,74892.193852607
1642442760000,41996.12,42058.67,41966.35,42048.13,180312.14810952
1642442820000,42040.15,42069.08,42040.15,42058.18,23720.1846980875
1642442880000,42038.55,42049.77,41996.09,41996.09,70924.862514
1642442940000,41999.39,42006.21,41978.0,42001.22,72032.3813633
1642443000000,42001.03,42040.3,41978.51,41984.39,102530.337389
1642443060000,41984.39,41988.32,41961.27,41980.47,78218.499906
1642443120000,41980.46,41984.96,41954.41,41969.86,58038.1051481
1642443180000,41977.32,42032.68,41962.03,42032.68,111042.3002891
1642443240000,42035.87,42047.07,42007.83,42015.88,10146.8137393506
1642443300000,42015.88,42015.88,41928.05,41941.68,65549.12403657
1642443360000,41938.83,41980.02,41923.07,41974.23,24808.5209510958
1642443420000,41974.23,41974.72,41934.68,41936.85,5971.6614762344
1642443480000,41949.34,41993.53,41949.34,41993.53,5865.77326823
1642443540000,41974.96,41974.96,41881.4,41923.51,171022.5647568552
1642443600000,41930.24,41958.96,41851.63,41875.82,208775.6799072
1642443660000,41874.5,41914.3,41855.67,41898.62,75964.706753632
1642443720000,41897.22,41930.92,41891.2,41930.92,40851.36482390045
1642443780000,41927.67,41958.33,41927.67,41954.88,115244.6144024
1642443840000,41952.27,41989.84,41952.27,41973.17,11535.85364556
1642443900000,41970.33,41989.82,41962.27,41980.03,10839.95964442
1642443960000,41980.03,42013.27,41980.03,42004.79,6750.06243262
1642444020000,41977.86,42045.7,41976.62,42044.83,51578.6913153794
1642444080000,42044.82,42044.82,41993.29,41993.29,15424.833661328
1642444140000,41993.3,42005.42,41976.96,41978.61,23003.084049
1642444200000,41978.61,42049.03,41961.49,42043.02,33276.608853692
1642444260000,42044.76,42044.76,42028.46,42036.38,4954.34672324
1642444320000,42034.67,42034.67,41982.59,41991.41,15659.4560272785
1642444380000,41986.66,42062.25,41980.97,42039.57,203378.6024332
1642444440000,42040.64,42058.77,42040.63,42045.64,155722.631713
1642444500000,42038.9,42059.41,42031.22,42035.27,12557.75047801
1642444560000,42037.11,42037.11,42001.0,42001.0,20109.850437
1642444620000,41991.4,42027.89,41984.02,41986.83,14922.04541741875
1642444680000,41993.26,41999.68,41955.61,41955.61,12864.783449
1642444740000,41955.61,42009.42,41955.61,42006.73,86859.781279
1642444800000,42000.01,42008.11,41995.26,41995.26,32655.245503
1642444860000,42000.0,42000.0,41980.54,41995.25,12943.938569
1642444920000,41995.26,42028.85,41995.25,42027.21,7093.59693461125
1642444980000,42027.21,42076.28,41995.26,42076.28,14738.902644
1642445040000,42072.41,42072.42,42043.43,42052.81,22879.540347
1642445100000,42052.82,42076.28,42050.79,42076.04,41789.65673754
1642445160000,42072.62,42072.62,42042.95,42042.95,20549.3800649443
1642445220000,42039.6,42073.1,42039.6,42066.68,11290.00719391
1642445280000,42059.75,42113.34,42059.74,42106.5,36776.831133
1642445340000,42102.78,42143.71,42102.78,42132.19,4112.909281
1642445400000,42138.61,42151.29,42124.11,42125.9,4347.347529
1642445460000,42125.89,42125.9,42117.88,42125.9,5674.68303308925
1642445520000,42125.9,42170.58,42125.89,42147.48,39670.6914702
1642445580000,42145.51,42153.89,42141.95,42153.89,33448.099414
1642445640000,42151.67,42174.99,42151.67,42171.42,21497.6530076
1642445700000,42171.42,42189.44,42168.94,42178.75,52690.36015709
1642445760000,42178.75,42189.43,42165.5,42171.63,64958.39495776645
1642445820000,42159.45,42167.74,42159.45,42164.86,9831.74556744
1642445880000,42157.81,42184.36,42155.72,42174.13,23425.8300843946
1642445940000,42174.12,42188.19,42165.61,42180.98,9710.412198605
1642446000000,42180.99,42200.0,42175.41,42195.32,14039.01661472674
1642446060000,42196.76,42196.76,42145.85,42151.48,32291.428647
1642446120000,42150.81,42150.81,42140.12,42142.14,51623.643301
1642446180000,42144.25,42171.59,42142.13,42171.59,20249.05408418
1642446240000,42170.84,42170.85,42145.98,42170.35,11028.304049
1642446300000,42170.34,42171.58,42170.33,42171.58,6317.159143
1642446360000,42171.58,42171.58,42137.96,42137.96,54414.5479835197
1642446420000,42138.39,42147.98,42136.17,42136.89,4618.296911
1642446480000,42134.81,42143.49,42113.91,42143.49,13368.883330132
1642446540000,42143.49,42177.71,42143.49,42177.71,10751.3460085
1642446600000,42177.71,42179.17,42159.38,42165.97,4841.154142
1642446660000,42162.65,42179.6,42156.19,42179.6,9406.3502811299
1642446720000,42183.5,42190.27,42183.5,42186.41,1430.138392
1642446780000,42199.99,42226.34,42193.9,42226.33,8984.16788884
1642446840000,42226.33,42265.85,42226.33,42242.53,16707.603951
1642446900000,42236.57,42249.46,42213.23,42223.76,1976.46468554
1642446960000,42224.99,42233.89,42206.34,42206.34,4089.07058635345
1642447020000,42206.34,42222.73,42196.28,42214.8,18404.619402
1642447080000,42214.79,42233.04,42209.69,42219.74,3808.766817
1642447140000,42222.83,42232.08,42207.39,42210.29,4690.9737678
1642447200000,42211.0,42214.04,42187.5,42187.5,1323.9791944375
1642447260000,42187.5,42187.5,42154.0,42155.72,57403.04882611
1642447320000,42159.19,42167.48,42151.98,42161.75,18620.169546
1642447380000,42161.71,42161.71,42133.63,42133.63,6149.882247
1642447440000,42136.84,42156.44,42133.93,42156.44,20865.573809
1642447500000,42151.92,42158.28,42135.5,42144.3,27128.6504871855
1642447560000,42142.16,42142.16,42109.13,42119.35,49316.74633
1642447620000,42122.63,42166.04,42122.63,42166.04,30616.299554
1642447680000,42166.04,42186.35,42165.69,42170.02,9348.328349
1642447740000,42170.02,42193.85,42170.02,42193.68,23062.993558
1642447800000,42193.68,42193.68,42170.04,42170.05,5080.3548922416
1642447860000,42174.61,42178.68,42165.27,42178.67,7675.758743
1642447920000,42192.85,42222.73,42192.15,42222.72,12317.732977
1642447980000,42219.42,42236.8,42209.23,42236.8,16453.577652
1642448040000,42237.96,42260.0,42237.96,42247.69,39251.591819
1642448100000,42247.69,42260.0,42247.69,42260.0,10410.07832375465
1642448160000,42265.94,42273.46,42259.22,42259.22,6655.741216672
1642448220000,42259.22,42280.2,42259.13,42273.37,22111.264404
1642448280000,42269.44,42270.37,42256.12,42264.95,16724.056064
1642448340000,42267.0,42280.79,42267.0,42278.39,7813.114407
1642448400000,42275.33,42280.12,42271.46,42274.42,12243.2061945872
1642448460000,42275.33,42275.33,42239.55,42255.99,60182.72608735
1642448520000,42256.0,42266.59,42247.31,42254.93,51496.0619906
1642448580000,42259.35,42259.72,42251.07,42257.46,29851.54190308
1642448640000,42255.32,42268.01,42251.08,42268.0,10236.291581
1642448700000,42262.18,42262.18,42216.53,42238.51,34318.5097440512
1642448760000,42238.51,42248.04,42227.87,42247.11,6631.20774317
1642448820000,42245.51,42255.82,42233.21,42255.82,21814.3772308
1642448880000,42254.12,42254.12,42231.36,42235.18,62486.580725
1642448940000,42235.18,42250.48,42234.98,42247.86,32013.9175128057
1642449000000,42247.87,42258.35,42233.65,42258.35,13937.66324582
1642449060000,42262.22,42262.82,42255.82,42262.82,14016.18495402
1642449120000,42262.81,42262.82,42255.39,42255.39,3076.1398799
1642449180000,42257.66,42275.33,42253.26,42275.33,15679.8021139
1642449240000,42277.82,42294.52,42267.25,42294.52,38044.6076101512
1642449300000,42300.0,42316.29,42285.95,42308.43,32373.72921844
1642449360000,42307.81,42307.81,42232.83,42243.17,45816.8028022
1642449420000,42245.35,42271.11,42245.35,42258.09,34986.42347308
1642449480000,42266.89,42270.04,42250.01,42255.21,26032.2555634
1642449540000,42255.67,42260.49,42232.4,42239.4,15840.6193500374
1642449600000,42239.41,42255.5,42218.45,42255.5,22520.104161968888
1642449660000,42260.44,42288.18,42258.32,42288.18,83009.8771684
1642449720000,42292.76,42306.29,42273.87,42273.87,27008.093926
1642449780000,42271.93,42289.07,42258.42,42282.87,56811.40606
1642449840000,42282.86,42301.2,42266.95,42272.3,35918.93644692
1642449900000,42289.01,42299.99,42264.76,42264.77,10783.702375
1642449960000,42264.76,42264.76,42255.88,42261.64,3021.653062
1642450020000,42261.63,42261.64,42235.42,42244.32,99164.266094
1642450080000,42236.36,42258.49,42232.21,42258.48,27552.5180655782
1642450140000,42258.48,42258.48,42234.7,42242.94,3413.741778
1642450200000,42242.94,42256.18,42239.93,42242.96,11617.152279
1642450260000,42239.94,42239.94,42204.12,42212.6,27867.294434
1642450320000,42209.66,42215.47,42190.7,42195.36,33961.20696698
1642450380000,42188.53,42200.6,42188.52,42190.81,8940.82052527615
1642450440000,42190.8,42210.07,42187.42,42210.07,16484.21532888
1642450500000,42206.97,42226.86,42194.63,42226.86,14525.559582
1642450560000,42228.63,42238.46,42221.85,42221.85,9052.49400799
1642450620000,42216.68,42218.64,42199.34,42202.65,22110.53395384
1642450680000,42202.65,42225.48,42187.42,42201.27,38505.8296591645
1642450740000,42206.66,42226.18,42206.66,42218.69,17600.282979
1642450800000,42228.3,42237.33,42215.22,42233.56,12052.53412
1642450860000,42233.57,42249.9,42232.39,42241.95,4110.122199
1642450920000,42245.75,42251.46,42235.22,42246.66,8118.8762435324
1642450980000,42244.17,42265.06,42244.17,42262.65,6684.718379
1642451040000,42261.65,42277.55,42254.33,42273.71,64741.832082
1642451100000,42273.7,42273.7,42251.47,42251.47,3817.31942215
1642451160000,42251.47,42251.47,42240.21,42240.21,3392.130159
1642451220000,42232.77,42241.48,42207.77,42239.94,48144.3298627169
1642451280000,42246.06,42246.06,42199.64,42205.88,52856.931828
1642451340000,42205.88,42205.88,42186.04,42201.19,26248.62792785
1642451400000,42203.8,42203.8,42144.39,42144.39,26861.0417108
1642451460000,42149.66,42165.13,42141.64,42150.36,20881.5043878162
1642451520000,42141.64,42172.45,42141.64,42167.51,21598.472382
1642451580000,42161.69,42161.69,42149.56,42150.63,10398.622506
1642451640000,42149.57,42153.03,42134.49,42150.16,10420.159959
1642451700000,42155.34,42155.34,42108.74,42113.08,16257.116393
1642451760000,42111.01,42113.08,42102.06,42102.28,41292.9484383779
1642451820000,42110.92,42114.62,42082.41,42114.61,44230.450479877
1642451880000,42107.68,42107.68,42070.46,42070.46,74759.019716
1642451940000,42070.46,42099.87,42067.04,42073.85,22344.164685
1642452000000,42073.86,42080.1,42056.77,42070.04,8211.20352451
1642452060000,42070.04,42070.04,42019.64,42025.7,15945.03134865
1642452120000,42034.85,42089.46,42034.85,42075.66,22044.8438539
1642452180000,42079.19,42089.84,42075.67,42089.84,29977.83733
1642452240000,42090.34,42117.56,42090.34,42100.9,24153.01093602
1642452300000,42100.91,42139.41,42100.9,42139.32,10015.8731501047
1642452360000,42144.5,42156.94,42132.85,42132.85,18451.87135868
1642452420000,42133.39,42141.19,42126.71,42131.44,7213.412334
1642452480000,42133.69,42134.07,42088.72,42088.72,21315.488889
1642452540000,42084.64,42097.34,42057.01,42061.86,34607.488633
1642452600000,42067.12,42108.08,42067.12,42101.46,23297.7451035472
1642452660000,42101.46,42128.45,42089.96,42117.32,27552.352778
1642452720000,42115.94,42131.5,42115.94,42131.5,13396.1897082
1642452780000,42131.5,42133.86,42128.26,42128.27,7595.912818
1642452840000,42128.27,42128.92,42128.26,42128.27,31601.82378858
1642452900000,42128.26,42129.99,42128.26,42129.38,2477.8209298124
1642452960000,42128.27,42130.12,42128.27,42130.12,20204.731338
1642453020000,42139.08,42139.08,42136.39,42136.4,9743.33886164
1642453080000,42140.37,42150.4,42130.66,42130.66,8863.34993214
1642453140000,42132.49,42135.24,42077.96,42077.96,18400.69190376
1642453200000,42078.44,42089.86,42058.48,42076.52,158294.2654916961
1642453260000,42075.47,42086.45,42071.45,42074.41,41642.198834404
1642453320000,42075.89,42100.92,42075.89,42082.11,18774.756387
1642453380000,42093.9,42110.89,42090.98,42110.89,13378.804915
1642453440000,42113.44,42143.56,42108.95,42133.66,26367.2720042125
1642453500000,42133.95,42140.74,42133.66,42140.74,17676.0664271
1642453560000,42140.74,42140.74,42117.19,42137.01,33385.284176
1642453620000,42117.19,42117.19,42090.73,42097.23,15606.009287
1642453680000,42097.23,42102.26,42094.6,42094.62,11438.647654
1642453740000,42094.61,42094.62,42045.06,42051.48,16743.29004775
1642453800000,42050.58,42064.01,42028.17,42028.26,33043.292048
1642453860000,42032.14,42038.09,42013.4,42025.15,22732.242988
1642453920000,42024.27,42052.08,42021.66,42035.55,4892.550418
1642453980000,42035.55,42073.14,42035.54,42073.14,19911.9409983327
1642454040000,42072.52,42072.52,42036.46,42051.53,14693.444212
1642454100000,42054.31,42064.84,41982.65,41986.9,18939.885606
1642454160000,41986.9,41986.9,41910.8,41920.1,17158.610265
1642454220000,41920.1,41953.42,41920.1,41920.37,38253.0871274
1642454280000,41920.37,41946.0,41920.37,41940.97,11183.23018844365
1642454340000,41949.92,41964.75,41930.59,41930.59,6690.757341
1642454400000,41922.5,41964.67,41920.97,41958.13,18465.27199
1642454460000,41956.95,41961.15,41929.93,41934.85,28654.395456
1642454520000,41934.86,41945.79,41900.99,41916.51,9574.165254
1642454580000,41903.09,41922.75,41873.05,41890.8,57421.6215701138
1642454640000,41891.43,41909.53,41886.6,41886.61,43899.68624
1642454700000,41886.61,41930.24,41886.61,41930.23,20317.62958802
1642454760000,41930.23,41930.23,41905.66,41905.66,7776.03398716
1642454820000,41902.66,41915.57,41900.77,41910.24,60329.742382
1642454880000,41910.24,41910.24,41787.74,41815.25,215764.1055881815
1642454940000,41820.88,41840.0,41782.02,41787.15,61484.17592
1642455000000,41810.86,41811.78,41778.0,41786.07,90565.16561522
1642455060000,41790.75,41801.22,41776.9,41789.13,104316.732476
1642455120000,41789.64,41847.73,41789.64,41821.69,65101.4286024915
1642455180000,41823.65,41844.72,41794.26,41794.27,94819.9167818493
1642455240000,41794.27,41824.66,41771.9,41775.45,72621.9018944
1642455300000,41775.37,41789.9,41765.61,41789.53,12968.16659396
1642455360000,41789.54,41831.86,41783.36,41831.65,7015.866406
1642455420000,41831.66,41831.66,41789.98,41789.98,47149.10481068
1642455480000,41780.24,41784.69,41736.79,41752.02,38137.0229089056
1642455540000,41757.28,41773.5,41717.0,41717.0,60640.4792839701
1642455600000,41717.01,41717.04,41632.46,41676.53,531971.0257358293
1642455660000,41664.92,41706.01,41664.24,41706.01,72796.5888456527
1642455720000,41709.13,41751.57,41675.26,41688.34,210740.089202
1642455780000,41686.98,41700.7,41637.16,41637.16,177021.46672643145
1642455840000,41627.37,41673.44,41610.0,41650.56,120006.587113
1642455900000,41658.09,41687.58,41653.65,41675.52,41473.039765
1642455960000,41657.88,41678.68,41642.61,41652.09,62571.86580583
1642456020000,41652.09,41658.0,41614.81,41646.52,74167.255951
1642456080000,41646.51,41674.08,41646.51,41662.26,12206.300336457
1642456140000,41665.24,41680.09,41665.23,41675.99,23926.656792
1642456200000,41672.83,41675.78,41608.78,41620.63,58724.770809175
1642456260000,41622.12,41680.47,41621.59,41680.47,73082.973095
1642456320000,41678.76,41685.65,41658.33,41671.48,32119.55732918
1642456380000,41671.48,41749.05,41671.48,41739.68,41736.08521265
1642456440000,41737.05,41747.85,41722.47,41747.84,25464.63739030035
1642456500000,41747.85,41782.29,41747.85,41749.38,51570.174173
1642456560000,41749.38,41749.38,41735.06,41735.06,29917.933786
1642456620000,41727.14,41727.14,41689.5,41698.02,20582.3214155
1642456680000,41687.79,41735.69,41687.79,41735.69,154485.750684
1642456740000,41735.69,41745.22,41717.11,41717.17,74555.942294242
1642456800000,41729.96,41729.96,41678.93,41680.4,10890.337676121171
1642456860000,41680.4,41680.4,41639.8,41639.8,6127.445659
1642456920000,41635.12,41700.67,41635.11,41653.94,117765.852878191
1642456980000,41650.45,41650.46,41643.39,41647.67,47472.22497
1642457040000,41645.08,41655.62,41632.51,41655.62,59149.226111128
1642457100000,41652.33,41716.18,41652.32,41706.97,24599.146156
1642457160000,41706.98,41720.31,41684.35,41707.36,161473.877079
1642457220000,41704.5,41704.5,41671.73,41671.73,36275.822347316
1642457280000,41671.73,41680.13,41639.17,41679.18,11481.0575065
1642457340000,41675.94,41703.54,41675.93,41702.23,28804.46395349555
1642457400000,41697.38,41729.89,41697.38,41718.99,16522.253232845
1642457460000,41718.99,41718.99,41686.97,41686.97,3857.125948129
1642457520000,41680.5,41682.26,41659.17,41659.17,31312.217714
1642457580000,41659.18,41669.36,41644.1,41656.81,25594.700471
1642457640000,41662.0,41669.6,41660.17,41660.6,2690.9481284502
1642457700000,41660.61,41660.61,41590.26,41590.26,263387.4829051101
1642457760000,41590.8,41599.75,41558.3,41560.88,99612.334336966
1642457820000,41560.89,41633.31,41555.71,41629.67,79832.36825602
1642457880000,41630.98,41643.92,41590.59,41590.59,76328.094894
1642457940000,41590.59,41603.38,41575.51,41603.38,31751.8651783875
1642458000000,41601.12,41645.31,41601.12,41645.31,38651.911518
1642458060000,41646.32,41667.85,41646.32,41662.17,78652.8705633
1642458120000,41670.13,41697.16,41670.12,41697.16,86018.17352478
1642458180000,41685.9,41718.98,41680.13,41706.07,92856.60308737
1642458240000,41706.07,41780.43,41706.07,41780.43,66341.3866976305
1642458300000,41780.44,41785.03,41749.4,41763.36,104122.199078
1642458360000,41755.17,41786.22,41755.17,41783.96,37918.88691119
1642458420000,41783.96,41786.0,41771.88,41771.88,75918.7976984
1642458480000,41771.88,41806.48,41768.42,41802.24,97204.5762618
1642458540000,41802.25,41807.55,41802.24,41802.24,16587.257651582
1642458600000,41802.25,41802.25,41802.24,41802.25,2524.855791
1642458660000,41802.24,41813.74,41802.24,41813.74,4986.983294
1642458720000,41815.78,41962.19,41815.78,41962.19,103495.1283208336
1642458780000,41969.15,42226.34,41969.15,42226.34,218801.3589774812
1642458840000,42226.34,42237.15,42110.57,42126.69,83282.06001044
1642458900000,42131.1,42166.41,42131.1,42166.41,30712.4681182
1642458960000,42166.41,42243.54,42159.54,42238.84,125857.692759
1642459020000,42243.71,42369.17,42243.71,42288.9,162113.3661526455
1642459080000,42290.27,42339.17,42290.27,42339.17,40624.51428247
1642459140000,42364.58,42364.58,42318.66,42318.66,27211.928541
1642459200000,42312.79,42312.79,42143.66,42226.02,59513.0128506
1642459260000,42212.66,42212.66,42177.67,42205.36,35690.5386442
1642459320000,42201.75,42256.24,42201.75,42256.24,43784.32033692
1642459380000,42253.92,42290.21,42253.92,42264.23,773.48669790095
1642459440000,42253.92,42302.34,42219.64,42293.26,23120.8691484
1642459500000,42276.25,42276.25,42217.35,42220.0,27915.155784
1642459560000,42214.2,42216.31,42195.06,42216.31,2743.602654
1642459620000,42222.44,42237.7,42199.82,42208.63,4492.3207477872
1642459680000,42202.81,42206.63,42177.67,42177.67,4666.70415281765
1642459740000,42167.64,42195.99,42160.54,42185.1,15954.39078636
1642459800000,42185.1,42196.18,42177.1,42177.1,32222.7852449
1642459860000,42164.29,42189.23,42135.54,42135.54,26385.714711
1642459920000,42135.97,42135.98,42094.22,42110.18,78252.8485035767
1642459980000,42110.17,42145.56,42062.32,42062.32,102530.14431438
1642460040000,42062.32,42075.2,42044.75,42063.25,42352.8760049074
1642460100000,42065.35,42113.53,42065.35,42107.97,128813.27854909
1642460160000,42107.97,42164.14,42107.97,42127.93,34199.836753
1642460220000,42118.42,42118.43,42112.9,42112.9,323.6325082369
1642460280000,42112.89,42112.89,42069.22,42099.67,128020.251812
1642460340000,42087.29,42089.27,42077.26,42084.3,2053.351772455
1642460400000,42084.3,42118.61,42077.25,42081.38,14660.53661758
1642460460000,42087.13,42087.13,42060.05,42075.18,42309.91224918
1642460520000,42074.96,42138.14,42074.96,42138.14,18525.05040342
1642460580000,42150.72,42169.58,42136.16,42160.64,8965.2149054
1642460640000,42147.44,42168.05,42139.17,42139.17,10561.586072
1642460700000,42121.06,42166.59,42112.65,42151.26,51089.979402
1642460760000,42152.36,42174.85,42135.51,42152.3,60223.1839117221
1642460820000,42148.93,42195.87,42148.93,42192.97,30258.094806
1642460880000,42184.56,42188.36,42162.96,42188.36,1737.641456
1642460940000,42189.99,42189.99,42160.12,42163.3,14043.9135436
1642461000000,42164.44,42187.95,42164.44,42187.95,37082.284987
1642461060000,42175.68,42258.88,42175.68,42220.3,89634.5252161958
1642461120000,42233.3,42258.61,42207.73,42223.36,16702.27741354
1642461180000,42218.51,42220.94,42207.72,42207.73,84479.16857884
1642461240000,42207.73,42233.87,42198.9,42198.9,49470.70318835
1642461300000,42187.42,42187.98,42113.73,42158.05,168772.601743
1642461360000,42164.85,42203.9,42159.44,42203.9,60742.7015815905
1642461420000,42203.9,42235.89,42203.9,42226.11,206469.52026123
1642461480000,42225.15,42225.15,42171.37,42175.87,8182.865828746
1642461540000,42181.36,42195.32,42170.41,42184.11,23152.9431747
1642461600000,42163.3,42172.81,42150.21,42161.83,5474.4176859159
1642461660000,42154.84,42155.33,42143.27,42149.7,10221.639912
1642461720000,42149.69,42157.19,42136.4,42146.49,6238.070263
1642461780000,42147.61,42147.61,42128.44,42143.0,1322.150109544
1642461840000,42148.13,42148.13,42129.1,42129.1,5675.22935693
1642461900000,42135.48,42135.48,42097.38,42107.3,27496.37581922195
1642461960000,42116.55,42131.82,42104.4,42124.51,4417.5991044
1642462020000,42130.59,42149.75,42130.59,42148.54,3071.856683
1642462080000,42148.55,42172.05,42148.55,42172.05,400.530865
1642462140000,42172.81,42173.25,42166.31,42166.32,402.1426050063
1642462200000,42173.24,42182.99,42173.24,42178.56,34464.074851
1642462260000,42179.41,42183.99,42174.83,42183.04,12493.53131
1642462320000,42183.04,42185.65,42172.21,42172.23,14694.091836
1642462380000,42173.05,42180.9,42140.0,42145.54,3676.569416
1642462440000,42145.54,42198.25,42145.54,42197.72,35127.8444461856
1642462500000,42197.73,42230.51,42197.73,42216.0,12962.598448
1642462560000,42216.01,42216.01,42187.74,42195.97,31355.818036
1642462620000,42189.28,42228.68,42189.28,42225.63,130020.906072
1642462680000,42230.81,42233.59,42186.95,42186.95,132613.0921116756
1642462740000,42186.95,42193.48,42146.97,42175.71,33526.140679
1642462800000,42180.67,42185.44,42153.44,42160.91,44343.089224456
1642462860000,42159.05,42175.87,42152.63,42152.63,22455.735813
1642462920000,42163.44,42192.31,42163.44,42191.71,11728.60840831115
1642462980000,42191.71,42199.7,42170.41,42186.92,28730.150328
1642463040000,42186.91,42201.7,42177.0,42199.67,49356.63635715
1642463100000,42199.67,42199.68,42184.88,42194.21,26554.477929
1642463160000,42194.21,42215.45,42191.43,42215.45,52371.787057
1642463220000,42215.45,42232.78,42215.45,42226.28,46750.27145868005
1642463280000,42238.9,42243.57,42227.09,42243.57,18660.531747
1642463340000,42243.14,42247.14,42236.38,42236.38,16849.01564917
1642463400000,42236.38,42242.37,42211.75,42214.84,28117.16844462
1642463460000,42214.84,42215.06,42207.27,42215.06,15321.675717757
1642463520000,42223.28,42223.28,42170.43,42170.44,51552.7642032
1642463580000,42170.44,42200.0,42170.44,42199.41,20147.6591159
1642463640000,42199.11,42199.11,42152.72,42191.48,40225.9018027
1642463700000,42192.02,42222.8,42187.6,42222.8,12400.02330646
1642463760000,42227.89,42244.71,42220.34,42232.03,29978.725726673
1642463820000,42226.35,42250.0,42226.34,42238.09,12409.900203
1642463880000,42234.22,42234.83,42222.78,42222.79,2347.918529
1642463940000,42222.78,42240.92,42189.42,42198.04,24114.89130758
1642464000000,42198.04,42270.73,42198.04,42270.73,38172.37005157552
1642464060000,42273.15,42299.13,42262.57,42299.13,170615.167097
1642464120000,42296.08,42296.08,42226.81,42241.98,46445.6789999157
1642464180000,42233.02,42243.43,42195.71,42205.51,55585.000581
1642464240000,42209.62,42216.37,42189.05,42190.58,51426.632904
1642464300000,42190.58,42190.58,42131.04,42158.65,39042.75153575
1642464360000,42161.27,42193.8,42131.61,42162.28,65650.1063142
1642464420000,42159.67,42191.24,42154.15,42191.24,101858.863521
1642464480000,42187.59,42214.7,42184.5,42206.28,47630.96329
1642464540000,42214.29,42292.01,42214.29,42274.19,58806.3631502757
1642464600000,42274.19,42313.98,42258.5,42269.78,138913.78398748
1642464660000,42274.83,42295.46,42239.95,42245.84,157054.925266
1642464720000,42233.79,42267.47,42233.79,42267.47,24331.199221
1642464780000,42272.31,42304.63,42272.31,42277.62,156212.0732080341
1642464840000,42275.39,42292.0,42269.83,42289.28,29596.1483486
1642464900000,42289.28,42318.42,42289.28,42318.42,40672.47942
1642464960000,42318.43,42329.32,42300.81,42308.0,136422.800642622
1642465020000,42308.0,42331.98,42306.37,42327.81,45670.05324828815
1642465080000,42329.85,42360.13,42326.88,42360.13,100451.57463805
1642465140000,42359.85,42359.85,42300.0,42313.84,99476.076563
1642465200000,42313.84,42360.14,42313.84,42359.81,22414.106168
1642465260000,42360.14,42378.17,42356.47,42365.44,74053.7971399971
1642465320000,42377.59,42399.57,42364.66,42395.61,134383.50767063795
1642465380000,42395.23,42395.23,42309.89,42309.89,87462.972451618
1642465440000,42310.6,42323.45,42299.59,42304.29,22098.53221656
1642465500000,42300.1,42302.54,42272.73,42278.86,8323.10795888
1642465560000,42275.17,42286.51,42262.95,42284.65,35451.3730055219
1642465620000,42292.71,42292.71,42264.4,42275.89,15545.59856031
1642465680000,42272.42,42286.72,42253.38,42265.52,29794.24585997
1642465740000,42269.21,42287.51,42259.85,42264.15,27175.852998
1642465800000,42264.16,42297.12,42264.16,42264.28,29103.417446
1642465860000,42262.74,42273.43,42247.52,42247.52,17991.0385187372
1642465920000,42235.73,42262.17,42228.28,42262.17,30579.56022262
1642465980000,42268.9,42281.92,42265.51,42268.63,41387.08091044
1642466040000,42268.64,42292.01,42268.64,42281.07,27124.35133367
1642466100000,42276.62,42304.26,42273.95,42300.35,37280.23835695
1642466160000,42309.41,42313.65,42303.19,42307.48,37997.204935
1642466220000,42307.48,42342.19,42300.31,42336.86,64779.000138
1642466280000,42334.7,42336.77,42294.18,42297.15,15937.34323075
1642466340000,42303.02,42307.35,42296.35,42307.35,11889.677050904
1642466400000,42309.34,42322.43,42300.48,42322.43,15445.935177164
1642466460000,42325.34,42327.13,42294.66,42298.63,111029.546219
1642466520000,42285.69,42285.69,42246.46,42246.46,24260.70882699
1642466580000,42262.87,42276.25,42250.0,42276.25,46705.834075
1642466640000,42276.26,42285.55,42265.82,42285.55,58187.9812534669
1642466700000,42294.13,42322.07,42286.9,42322.07,20573.382197
1642466760000,42322.07,42376.07,42322.07,42368.32,31239.738856
1642466820000,42373.56,42373.57,42343.22,42345.43,65103.40899598
1642466880000,42345.43,42354.49,42321.19,42330.53,12508.29718692025
1642466940000,42330.54,42346.43,42322.64,42343.96,14187.567201
1642467000000,42343.96,42394.74,42342.12,42388.31,49927.5844716
1642467060000,42389.98,42414.48,42378.77,42402.58,72843.052701
1642467120000,42404.23,42404.23,42360.62,42366.93,52773.684814
1642467180000,42361.05,42385.61,42352.67,42376.28,43457.0112860072
1642467240000,42375.69,42375.69,42363.47,42367.08,9935.506765
1642467300000,42359.88,42367.07,42350.78,42367.07,30729.575965
1642467360000,42354.91,42380.07,42354.91,42371.7,81118.91449126
1642467420000,42371.69,42371.69,42352.54,42352.54,11870.55902075
1642467480000,42352.54,42362.82,42351.29,42351.41,9864.415698
1642467540000,42351.42,42359.98,42347.09,42358.22,17374.445863125
1642467600000,42358.23,42381.69,42330.9,42330.9,51992.92356062488
1642467660000,42321.69,42339.78,42316.25,42321.98,13185.844654
1642467720000,42325.68,42330.33,42311.07,42311.07,7258.50524777
1642467780000,42307.03,42323.32,42287.12,42301.05,52426.634067
1642467840000,42302.04,42323.33,42302.04,42315.84,36238.09213834
1642467900000,42318.82,42318.83,42306.93,42317.79,3220.182319
1642467960000,42317.79,42332.14,42312.35,42332.13,34645.00392879155
1642468020000,42337.71,42337.96,42330.81,42334.97,5741.5182234
1642468080000,42334.97,42335.08,42307.36,42316.65,26669.178071
1642468140000,42317.56,42320.93,42305.51,42305.51,563.85131177
1642468200000,42299.61,42326.65,42299.61,42323.87,17392.0519016
1642468260000,42343.65,42350.0,42343.65,42345.75,30586.2973782284
1642468320000,42345.74,42413.06,42336.57,42397.48,30954.10898352
1642468380000,42400.65,42432.27,42398.36,42424.36,70523.4808388237
1642468440000,42424.36,42424.36,42391.17,42410.62,82511.632365
1642468500000,42399.78,42401.16,42344.18,42369.22,93217.78374252
1642468560000,42363.24,42363.24,42291.28,42326.48,20332.5909852869
1642468620000,42320.71,42333.54,42320.71,42329.05,884.545055
1642468680000,42326.18,42357.69,42326.18,42347.4,81111.48624241
1642468740000,42347.02,42352.14,42333.84,42344.15,37046.400114
1642468800000,42343.95,42364.29,42336.5,42350.56,25564.90105145055
1642468860000,42354.91,42363.76,42341.23,42341.99,8648.83880327
1642468920000,42341.99,42342.55,42337.09,42342.55,3704.951428
1642468980000,42336.08,42342.4,42336.08,42342.4,207.44961
